id,first_name,last_name,email,gender,ip_address
1,Lindsey,Portwain,lportwain0@wikipedia.org,Male,88.252.233.117
2,Page,Alasdair,palasdair1@usgs.gov,Male,
3,Carrissa,Sandhill,csandhill2@constantcontact.com,Female,
4,Hans,Duiguid,hduiguid3@ted.com,Male,164.199.23.97
5,Henrik,Josse,hjosse4@xing.com,Male,
6,Paco,Norsister,pnorsister5@g.co,Male,208.67.58.188
7,Vevay,Wintle,vwintle6@sfgate.com,Female,61.193.197.97
8,Gideon,Brown,gbrown7@cisco.com,Male,255.163.76.190
9,Suzy,Naire,snaire8@deviantart.com,Female,150.15.129.126
10,Gael,Jefford,gjefford9@wufoo.com,Male,
11,Zollie,Annesley,zannesleya@omniture.com,Male,
12,Dorisa,Stear,dstearb@vkontakte.ru,Female,
13,Bette,Grimsley,bgrimsleyc@bloglines.com,Polygender,96.22.10.195
14,Armando,Georgot,ageorgotd@friendfeed.com,Male,172.59.12.103
15,Netta,Venour,nvenoure@usgs.gov,Female,195.76.164.162
16,Aarika,Champley,,Non-binary,242.23.35.65
17,Alf,Couzens,acouzensg@ow.ly,Male,219.97.148.16
18,Hurlee,Fantonetti,hfantonettih@ebay.co.uk,Male,67.10.131.190
19,Winston,Huikerby,whuikerbyi@squidoo.com,Male,110.99.48.29
20,Emelyne,Tembridge,etembridgej@shutterfly.com,Female,100.236.22.249
21,Sylvester,MacGibbon,smacgibbonk@fda.gov,Male,162.240.237.216
22,Paola,Pauel,ppauell@imageshack.us,Female,
23,Demetri,Schutze,dschutzem@smh.com.au,Male,7.21.182.233
24,Foster,Feak,ffeakn@youtu.be,Male,38.57.115.101
25,Minnie,Slator,mslatoro@loc.gov,Female,181.160.223.93
26,Erastus,Olman,eolmanp@ezinearticles.com,Male,147.204.127.208
27,Alina,Pevie,apevieq@istockphoto.com,Female,219.113.35.50
28,Glynnis,Silburn,gsilburnr@alibaba.com,Female,23.114.61.207
29,Dolf,Alu,dalus@moonfruit.com,Non-binary,214.199.243.213
30,Margot,Fabler,mfablert@nasa.gov,Female,70.216.11.159
31,Elissa,Ree,ereeu@independent.co.uk,Female,125.54.88.14
32,Jeanie,Moulin,jmoulinv@springer.com,Female,217.112.22.2
33,Norean,Kiddy,nkiddyw@privacy.gov.au,Female,140.86.137.154
34,Emmet,Ashenhurst,eashenhurstx@microsoft.com,Male,210.84.17.11
35,Griz,Costellow,gcostellowy@comcast.net,Male,240.166.187.179
36,Ladonna,Dore,ldorez@soundcloud.com,Female,106.241.4.248
37,Ynes,Haythorn,yhaythorn10@theguardian.com,Female,192.33.108.44
38,Eleni,Hapgood,ehapgood11@disqus.com,Non-binary,123.97.71.47
39,Ford,Pedler,fpedler12@indiegogo.com,Male,250.86.20.126
40,Christoph,Janz,cjanz13@rediff.com,Male,136.41.5.147
41,Emerson,Goodlife,egoodlife14@nature.com,Male,183.172.180.4
42,Law,Crosse,lcrosse15@nhs.uk,Bigender,6.168.64.8
43,Olly,Godsafe,ogodsafe16@mlb.com,Female,170.58.247.224
44,Dillon,Crichley,dcrichley17@ibm.com,Male,35.107.187.202
45,Nancee,Cullinan,ncullinan18@marriott.com,Female,69.96.77.44
46,Darsie,Cristofori,,Female,118.123.122.55
47,Pepi,Whiscard,,Female,20.191.138.51
48,Ailbert,Amner,aamner1b@newsvine.com,Male,156.162.210.196
49,Marty,Schnitter,mschnitter1c@php.net,Female,208.88.91.11
50,Juliann,Colton,jcolton1d@360.cn,Female,173.30.237.160
51,Garik,Stradling,gstradling1e@vk.com,Male,212.27.68.7
52,Salem,Hamman,shamman1f@myspace.com,Male,242.109.13.75
53,Felice,Heatly,fheatly1g@usnews.com,Female,101.141.222.37
54,Ransell,Jan,rjan1h@sbwire.com,Male,
55,Meghann,Abrahams,mabrahams1i@discuz.net,Female,9.128.0.97
56,Kin,Hassur,khassur1j@slashdot.org,Male,0.94.172.41
57,Carmel,Klampk,cklampk1k@eepurl.com,Female,135.23.80.135
58,Basia,Macak,bmacak1l@wp.com,Female,46.104.147.103
59,Daren,Boggas,dboggas1m@sphinn.com,Male,3.119.105.120
60,Mireille,Stoakley,mstoakley1n@diigo.com,Female,
61,Baxter,Andrysek,bandrysek1o@wikipedia.org,Male,42.177.178.65
62,Claudie,Mico,cmico1p@accuweather.com,Female,199.231.181.59
63,Claudian,Benterman,cbenterman1q@wp.com,Male,240.77.221.219
64,Bertrand,Bozworth,bbozworth1r@state.tx.us,Male,107.70.17.64
65,Web,Nacci,wnacci1s@bloglines.com,Male,117.196.80.255
66,Andriette,Sabatier,asabatier1t@quantcast.com,Female,229.142.29.71
67,Vidovic,Henrie,,Male,1.216.175.69
68,Chet,Boscott,cboscott1v@unblog.fr,Male,102.162.199.103
69,Orran,Barthod,obarthod1w@miitbeian.gov.cn,Male,
70,Keir,Norridge,knorridge1x@auda.org.au,Male,225.117.68.3
71,Sayres,Reynoollds,sreynoollds1y@shutterfly.com,Male,178.26.176.239
72,Sherlocke,Cotillard,scotillard1z@auda.org.au,Male,96.209.255.167
73,Weber,Pavel,wpavel20@de.vu,Male,36.190.254.117
74,Suzie,Buttrum,sbuttrum21@jugem.jp,Female,179.216.119.8
75,Berti,Safell,bsafell22@theglobeandmail.com,Male,
76,Way,Cudd,wcudd23@howstuffworks.com,Male,20.194.88.251
77,Barbara,Mc Gaughey,bmcgaughey24@engadget.com,Female,83.5.171.3
78,Jaime,Baumann,jbaumann25@amazon.co.uk,Male,83.156.18.203
79,Katine,Gross,kgross26@cisco.com,Female,52.0.219.37
80,Missie,Bramo,mbramo27@odnoklassniki.ru,Female,176.121.17.101
81,Stanly,Busk,sbusk28@army.mil,Male,
82,Katherina,Bellay,kbellay29@wordpress.org,Female,244.182.118.12
83,Breena,Dallin,,Female,110.181.7.111
84,Orren,Emma,oemma2b@addtoany.com,Male,214.255.54.126
85,Paquito,Rymell,prymell2c@telegraph.co.uk,Male,142.128.82.225
86,Bambie,Arni,barni2d@intel.com,Female,232.121.89.131
87,Justino,Henrych,jhenrych2e@google.com.au,Male,
88,Delbert,Konneke,dkonneke2f@zimbio.com,Male,188.188.66.25
89,Eolanda,Gummery,egummery2g@guardian.co.uk,Female,237.172.191.75
90,Brade,Duerden,bduerden2h@netvibes.com,Male,208.86.114.4
91,Misti,O'Ruane,moruane2i@surveymonkey.com,Female,234.83.103.9
92,Jonis,Lubeck,jlubeck2j@fotki.com,Female,52.234.219.61
93,Emilio,Balsdone,ebalsdone2k@biglobe.ne.jp,Genderfluid,164.101.53.161
94,Fraze,Jaffra,fjaffra2l@pbs.org,Male,107.215.169.34
95,Fayina,Slopier,fslopier2m@google.nl,Female,24.43.128.4
96,Miltie,Biddles,mbiddles2n@army.mil,Agender,
97,Mollie,Entwisle,mentwisle2o@nifty.com,Female,109.174.230.39
98,Dene,Bruna,dbruna2p@rediff.com,Male,17.59.242.98
99,Nannette,Dyte,ndyte2q@nasa.gov,Female,200.59.203.4
100,Rani,Francescuzzi,rfrancescuzzi2r@merriam-webster.com,Female,219.230.85.145
101,Gilburt,Bodleigh,gbodleigh2s@163.com,Male,178.84.108.30
102,Ceil,Mowle,cmowle2t@blogspot.com,Female,
103,Justus,Hocking,jhocking2u@amazon.de,Male,104.6.47.13
104,Aldwin,Jagiela,,Male,208.39.130.167
105,Trev,Greenrod,,Male,195.69.95.225
106,Norean,Le Grand,nlegrand2x@slideshare.net,Female,113.48.84.124
107,Marijo,Jorcke,mjorcke2y@noaa.gov,Female,112.116.216.170
108,Jacquelynn,Le Batteur,jlebatteur2z@blinklist.com,Female,135.27.144.63
109,Hieronymus,Castellino,hcastellino30@nationalgeographic.com,Male,51.106.232.208
110,Rahal,McGenn,rmcgenn31@springer.com,Female,240.101.101.135
111,Kevin,Humpherson,khumpherson32@geocities.jp,Male,91.211.33.206
112,Hermon,Davern,hdavern33@harvard.edu,Male,137.61.199.102
113,Oberon,Dobbs,odobbs34@mashable.com,Male,100.211.98.101
114,Rene,Briton,rbriton35@yelp.com,Female,201.251.190.162
115,Adel,Fielder,afielder36@foxnews.com,Polygender,42.200.7.170
116,Reagen,Twell,rtwell37@nifty.com,Male,172.16.192.92
117,Josey,Abry,jabry38@google.com.hk,Female,79.103.72.92
118,Wat,Worsfield,wworsfield39@cornell.edu,Male,
119,Giraud,Naylor,gnaylor3a@reuters.com,Male,36.71.55.129
120,Bonita,Eannetta,beannetta3b@ca.gov,Female,
121,Lenna,Guirardin,lguirardin3c@dailymail.co.uk,Female,254.107.161.25
122,Trudy,Mobley,tmobley3d@woothemes.com,Female,207.100.24.30
123,Che,Pouck,cpouck3e@privacy.gov.au,Male,171.252.22.111
124,Forster,Carous,fcarous3f@joomla.org,Male,95.207.149.14
125,Hope,Freeborn,,Female,224.26.39.238
126,Reynard,Crisp,rcrisp3h@archive.org,Male,171.182.147.144
127,Ailina,Kemster,akemster3i@arstechnica.com,Polygender,103.80.70.63
128,Glen,Maes,gmaes3j@example.com,Male,137.1.159.206
129,Britni,Olford,,Female,254.189.9.24
130,Rodolphe,Schaumaker,rschaumaker3l@hhs.gov,Male,217.241.69.127
131,Tynan,Mendonca,tmendonca3m@tamu.edu,Male,113.21.122.84
132,Tomaso,Picken,tpicken3n@cnbc.com,Male,177.172.202.60
133,Rickert,Swanbourne,rswanbourne3o@comcast.net,Male,26.68.3.173
134,Hill,Baythorp,hbaythorp3p@sitemeter.com,Male,139.208.242.241
135,Cole,Viste,cviste3q@usda.gov,Male,224.215.250.163
136,Court,Ilchuk,cilchuk3r@storify.com,Male,229.253.48.202
137,Julienne,Meineck,jmeineck3s@archive.org,Genderfluid,224.51.152.10
138,Dyna,Toynbee,dtoynbee3t@theatlantic.com,Genderfluid,238.56.228.69
139,Hamnet,Kenefick,hkenefick3u@nbcnews.com,Male,145.102.9.151
140,Waiter,Lysaght,wlysaght3v@blogtalkradio.com,Male,
141,Maynord,Melia,mmelia3w@statcounter.com,Male,246.189.184.25
142,Ebonee,Hannabus,,Female,179.39.190.240
143,Wittie,Riding,wriding3y@apple.com,Male,5.23.14.132
144,Jard,O' Hanvey,johanvey3z@canalblog.com,Male,151.177.208.173
145,Samara,Adel,sadel40@state.tx.us,Female,154.17.233.142
146,Farlay,Ferryman,fferryman41@storify.com,Male,
147,Claire,Middlemist,cmiddlemist42@google.fr,Male,
148,Ezra,Krahl,ekrahl43@amazon.co.jp,Male,195.231.127.122
149,Quintina,Belasco,,Female,
150,Hollie,Slaymaker,hslaymaker45@illinois.edu,Genderqueer,174.85.144.37
151,Serge,Normant,snormant46@usda.gov,Male,253.69.251.140
152,Lutero,Polak,lpolak47@patch.com,Male,77.237.79.124
153,Filmore,Dericot,fdericot48@phpbb.com,Male,
154,Gus,Spittal,gspittal49@forbes.com,Male,36.5.68.83
155,Warde,Fritchley,wfritchley4a@fotki.com,Male,124.56.208.128
156,Tally,Mattessen,tmattessen4b@gmpg.org,Non-binary,195.24.221.126
157,Rosemarie,Mudle,rmudle4c@ebay.co.uk,Female,
158,Conway,Sleany,csleany4d@apple.com,Male,93.223.241.84
159,Delmar,Instock,dinstock4e@spiegel.de,Polygender,243.46.90.147
160,Bartholemy,Quin,bquin4f@howstuffworks.com,Male,177.52.18.250
161,Arabel,Brantl,abrantl4g@facebook.com,Female,231.238.20.99
162,Ramona,Eggle,reggle4h@topsy.com,Female,
163,Bill,Spencers,bspencers4i@spiegel.de,Female,
164,Rodolph,Geldeford,rgeldeford4j@ovh.net,Male,
165,Caldwell,Balint,cbalint4k@scientificamerican.com,Male,22.201.248.122
166,Lucais,Cowen,lcowen4l@google.co.uk,Male,201.46.72.250
167,Nixie,Parmenter,nparmenter4m@geocities.jp,Agender,246.170.253.201
168,Karole,Bucknall,kbucknall4n@pbs.org,Female,176.234.145.85
169,Joeann,Brittoner,jbrittoner4o@posterous.com,Female,
170,Bennie,MacLucais,bmaclucais4p@creativecommons.org,Male,36.17.28.214
171,Hansiain,Ivamy,,Male,
172,Damon,Eynon,deynon4r@webeden.co.uk,Male,137.177.150.23
173,Ford,Turvie,fturvie4s@nymag.com,Male,29.60.92.246
174,Prudence,Linnane,plinnane4t@tinyurl.com,Genderfluid,81.244.240.114
175,Woodrow,Moscon,,Male,87.22.117.57
176,Cammy,Garm,cgarm4v@redcross.org,Male,150.107.214.98
177,Carlin,Guilloneau,cguilloneau4w@de.vu,Male,142.13.105.109
178,Rutledge,Macer,rmacer4x@studiopress.com,Bigender,230.45.252.136
179,Sapphire,Ferie,sferie4y@senate.gov,Female,221.157.243.167
180,Belva,Tebbut,btebbut4z@geocities.jp,Female,166.157.124.134
181,Milena,Phillcock,mphillcock50@pinterest.com,Female,209.51.30.245
182,Celisse,Grigoletti,cgrigoletti51@gov.uk,Female,124.124.180.218
183,Nissy,Crowter,ncrowter52@nydailynews.com,Female,166.17.16.164
184,Constancia,Ferneyhough,cferneyhough53@cornell.edu,Female,124.193.182.163
185,Nikkie,Braunes,nbraunes54@elpais.com,Female,32.16.78.204
186,Lance,Whiffen,lwhiffen55@topsy.com,Male,188.0.160.3
187,Liane,Osinin,losinin56@technorati.com,Female,50.195.237.239
188,Dalt,Yushkov,dyushkov57@exblog.jp,Male,20.79.56.19
189,Rafaelia,Brace,rbrace58@bravesites.com,Female,105.183.242.98
190,Nixie,Mowen,nmowen59@nhs.uk,Female,229.212.226.109
191,Kennie,Bernard,kbernard5a@reverbnation.com,Male,
192,Sam,Orthmann,sorthmann5b@freewebs.com,Genderfluid,173.92.43.177
193,Valery,Topping,vtopping5c@furl.net,Female,
194,Merline,Rabidge,mrabidge5d@harvard.edu,Female,148.88.73.245
195,Efrem,Leyes,eleyes5e@google.com,Male,207.21.221.17
196,Tabbitha,Andersch,tandersch5f@amazon.de,Genderfluid,54.175.49.164
197,Orran,Steffan,osteffan5g@google.com,Male,50.20.120.38
198,Jan,Oda,joda5h@mysql.com,Male,227.95.113.183
199,Kev,Rankin,krankin5i@spiegel.de,Genderfluid,231.73.57.211
200,Rivy,Atherton,ratherton5j@zimbio.com,Bigender,209.14.46.243
201,Sean,Daintry,sdaintry5k@google.pl,Female,126.180.231.10
202,Arielle,Oiller,aoiller5l@hatena.ne.jp,Female,
203,Maire,Cleife,mcleife5m@apache.org,Female,164.1.22.7
204,Carlyn,Limb,climb5n@webnode.com,Female,236.210.51.4
205,Zebulen,Boothby,zboothby5o@people.com.cn,Male,156.134.139.71
206,Jacquie,Kenninghan,jkenninghan5p@imgur.com,Female,133.12.189.206
207,Elly,Levings,elevings5q@state.gov,Female,
208,Rodina,Jewer,rjewer5r@forbes.com,Female,
209,Amandy,Okill,aokill5s@purevolume.com,Genderqueer,50.227.32.124
210,Bartholomeo,Schwaiger,bschwaiger5t@naver.com,Male,
211,Quinn,Woolf,qwoolf5u@vinaora.com,Female,20.232.96.90
212,Maggie,Calltone,mcalltone5v@t-online.de,Female,21.21.251.148
213,Onofredo,Senn,osenn5w@ezinearticles.com,Male,248.29.195.193
214,Keith,Christou,kchristou5x@desdev.cn,Male,212.147.198.22
215,Conan,Arnley,carnley5y@utexas.edu,Male,224.185.210.26
216,Ali,Massard,amassard5z@4shared.com,Genderqueer,
217,Helene,Ladson,hladson60@barnesandnoble.com,Female,177.171.180.133
218,Rhody,Mercik,rmercik61@163.com,Female,224.187.250.226
219,Emmalee,Rawsthorne,erawsthorne62@unesco.org,Female,134.220.64.156
220,Doloritas,Eringey,deringey63@blinklist.com,Female,132.153.91.226
221,Katine,Naton,knaton64@amazon.co.jp,Female,31.182.91.186
222,Delmore,Machel,dmachel65@ebay.com,Male,
223,Aluino,Poe,apoe66@csmonitor.com,Male,55.123.132.118
224,Carmina,Sibery,csibery67@tripadvisor.com,Polygender,249.121.2.53
225,Simona,Moncaster,smoncaster68@imdb.com,Female,119.123.102.199
226,Berkeley,Marion,bmarion69@economist.com,Male,211.55.36.124
227,Riccardo,Larmour,rlarmour6a@ovh.net,Male,201.177.143.49
228,Emili,Farden,efarden6b@soundcloud.com,Female,54.179.169.150
229,Riobard,Ivanets,rivanets6c@unblog.fr,Male,39.132.147.159
230,Rowen,Klosa,rklosa6d@unc.edu,Male,187.173.64.41
231,Caitlin,Briatt,cbriatt6e@un.org,Female,72.111.91.141
232,Madelaine,Challis,mchallis6f@zdnet.com,Female,
233,Austin,Nanni,ananni6g@alexa.com,Female,51.132.89.116
234,Zebadiah,Simounet,zsimounet6h@boston.com,Male,135.239.38.101
235,Orelle,Husband,ohusband6i@washingtonpost.com,Female,9.51.248.220
236,Ephrayim,Filtness,,Male,252.50.235.13
237,Thatcher,Flancinbaum,tflancinbaum6k@cnn.com,Bigender,181.72.6.216
238,Janos,Bollin,jbollin6l@chron.com,Male,237.124.146.219
239,Dollie,Kenn,,Female,40.44.245.26
240,Derek,Jolin,djolin6n@slate.com,Male,19.61.3.156
241,Julia,Swine,jswine6o@cyberchimps.com,Female,180.139.19.194
242,Genny,Ickovic,gickovic6p@ed.gov,Female,236.62.4.32
243,Braden,Pinching,bpinching6q@cnn.com,Male,30.64.106.205
244,Cele,Baggally,cbaggally6r@eventbrite.com,Female,212.30.227.244
245,Tania,Debnam,tdebnam6s@columbia.edu,Female,
246,Juliane,Craighall,jcraighall6t@google.it,Female,86.214.120.143
247,Bird,Lamball,blamball6u@hubpages.com,Female,118.29.198.135
248,Wallace,Mutimer,wmutimer6v@npr.org,Male,92.198.204.230
249,Cathleen,Aylett,caylett6w@delicious.com,Agender,101.23.66.119
250,Ailey,Darke,adarke6x@time.com,Female,42.147.131.144
251,Liva,Tuke,ltuke6y@bloomberg.com,Female,
252,Sonia,Poge,spoge6z@smugmug.com,Non-binary,65.141.35.171
253,Kerwin,Garrad,kgarrad70@feedburner.com,Male,157.223.150.163
254,Guillaume,Shales,gshales71@google.it,Male,252.196.83.1
255,Chancey,Gianotti,cgianotti72@netscape.com,Male,45.64.123.221
256,Bonnee,De Castri,bdecastri73@geocities.jp,Female,247.117.133.127
257,Nariko,Dysart,ndysart74@topsy.com,Female,19.154.230.33
258,Rosemaria,Betjeman,rbetjeman75@telegraph.co.uk,Female,169.56.151.228
259,Rolando,Lorroway,rlorroway76@topsy.com,Male,42.18.192.104
260,Zebulon,Dwight,zdwight77@shareasale.com,Male,112.228.140.210
261,Arabel,O'Rudden,aorudden78@squidoo.com,Female,84.191.157.35
262,Justina,Barnish,jbarnish79@miitbeian.gov.cn,Female,
263,Rubie,Cristou,,Female,
264,Carlie,Poupard,cpoupard7b@bing.com,Female,59.7.126.174
265,Hakeem,Bembrick,hbembrick7c@blogger.com,Male,10.90.221.207
266,Jerrie,Leftley,jleftley7d@businessweek.com,Male,108.2.29.3
267,Gene,Baldi,gbaldi7e@nbcnews.com,Female,217.94.73.53
268,Athene,Dupree,adupree7f@mozilla.org,Female,182.243.102.26
269,Corry,Spoole,cspoole7g@friendfeed.com,Bigender,130.125.172.197
270,Manya,Mabon,mmabon7h@jimdo.com,Female,106.1.159.94
271,Marsiella,Caven,mcaven7i@taobao.com,Female,
272,Sean,McKie,smckie7j@google.com.hk,Female,150.109.64.156
273,Linnell,Bartlomieczak,,Female,211.175.166.1
274,Helene,Gate,hgate7l@go.com,Female,61.112.182.116
275,Brunhilde,Bevar,bbevar7m@nhs.uk,Female,223.222.122.50
276,Shaine,Strut,sstrut7n@msu.edu,Female,61.158.215.176
277,Hanson,Waldocke,hwaldocke7o@google.com.hk,Male,83.6.77.209
278,Pennie,Van der Linde,pvanderlinde7p@godaddy.com,Male,109.61.139.194
279,Charley,Ivins,civins7q@cbsnews.com,Male,82.88.97.7
280,Vaughan,FitzAlan,vfitzalan7r@parallels.com,Male,232.130.27.130
281,Phillida,Eccleshare,peccleshare7s@simplemachines.org,Bigender,151.122.50.115
282,Morgun,Birkwood,mbirkwood7t@discovery.com,Male,28.62.183.26
283,Dougie,Leisman,dleisman7u@taobao.com,Male,183.52.248.2
284,Grannie,Burgwin,gburgwin7v@oracle.com,Male,116.73.178.129
285,Baily,Tate,btate7w@macromedia.com,Male,
286,Bink,Mattia,bmattia7x@slate.com,Male,29.1.128.148
287,Shaun,Creeghan,screeghan7y@comcast.net,Male,217.79.193.8
288,Clerissa,Duckinfield,cduckinfield7z@who.int,Female,207.184.241.149
289,Cory,Ingram,cingram80@nasa.gov,Female,198.151.20.146
290,Clyve,Blissitt,cblissitt81@opera.com,Male,
291,Franky,Koop,fkoop82@loc.gov,Female,30.117.191.224
292,Dana,Gummie,dgummie83@naver.com,Non-binary,73.133.105.127
293,Danit,Duckerin,dduckerin84@vistaprint.com,Female,60.85.55.221
294,Auguste,Jukes,ajukes85@adobe.com,Female,161.79.7.131
295,L;urette,Custance,lcustance86@blogtalkradio.com,Female,77.115.214.34
296,Niles,McGarvey,nmcgarvey87@google.cn,Male,223.233.217.91
297,Vladimir,Cornfoot,vcornfoot88@utexas.edu,Male,70.228.59.135
298,Anatollo,Alexandrescu,aalexandrescu89@illinois.edu,Male,215.213.32.139
299,Tove,Christley,tchristley8a@fda.gov,Female,165.156.160.141
300,Consuela,Giorgi,cgiorgi8b@reuters.com,Female,32.148.102.161
301,Clarke,Candlish,ccandlish8c@typepad.com,Male,17.163.53.67
302,Sheena,Gontier,,Female,28.98.181.36
303,Stanford,Marple,smarple8e@nps.gov,Male,
304,Melodie,Deppe,mdeppe8f@drupal.org,Female,8.111.221.152
305,Gino,Friedman,gfriedman8g@dailymotion.com,Male,126.83.29.111
306,Jacob,Gyves,jgyves8h@tuttocitta.it,Male,
307,Saunder,McGeoch,,Male,79.14.1.152
308,Daron,Duffie,,Female,
309,Hagan,Ivatts,hivatts8k@bizjournals.com,Male,
310,Tremaine,Spitaro,tspitaro8l@amazon.com,Male,60.236.27.51
311,Kordula,Perrot,kperrot8m@google.ca,Female,156.87.66.77
312,Susi,Lerego,slerego8n@yellowbook.com,Female,157.237.49.202
313,Farlee,Leavesley,fleavesley8o@prlog.org,Male,236.111.204.175
314,Julio,Lonergan,jlonergan8p@ft.com,Genderfluid,77.185.113.183
315,Lorin,Triggel,ltriggel8q@slideshare.net,Male,131.15.86.177
316,Vidovic,Newbegin,vnewbegin8r@foxnews.com,Male,227.99.189.249
317,Garland,Shepard,gshepard8s@princeton.edu,Genderfluid,4.219.143.246
318,Chrystel,Canning,ccanning8t@adobe.com,Female,218.22.112.153
319,Billy,Allsop,ballsop8u@independent.co.uk,Female,15.156.84.219
320,Heloise,Stannas,hstannas8v@sun.com,Female,235.197.248.83
321,Philipa,Arrowsmith,parrowsmith8w@fc2.com,Female,245.137.52.163
322,Marita,Dowrey,mdowrey8x@vinaora.com,Female,55.103.140.73
323,Freeman,Blodg,,Male,
324,Mollie,Frentz,mfrentz8z@desdev.cn,Female,177.113.250.169
325,Giralda,Baulk,gbaulk90@w3.org,Female,42.154.47.95
326,Jacky,Borgesio,jborgesio91@bing.com,Male,137.164.246.78
327,Mateo,Sowerby,msowerby92@webeden.co.uk,Male,47.243.90.108
328,Daniella,Backson,dbackson93@reuters.com,Female,109.16.46.148
329,Kendell,Schlag,kschlag94@time.com,Agender,
330,Massimo,Luce,mluce95@eepurl.com,Male,178.83.76.64
331,Edythe,Cormode,ecormode96@live.com,Female,
332,Maxwell,Cattermoul,mcattermoul97@earthlink.net,Male,
333,Hunt,Satterthwaite,hsatterthwaite98@cam.ac.uk,Male,
334,Klement,Grishkov,kgrishkov99@latimes.com,Male,244.139.245.14
335,Gennifer,Macieiczyk,gmacieiczyk9a@hhs.gov,Female,185.157.116.242
336,Justino,Vanyard,,Male,18.134.20.214
337,Brent,Sidaway,bsidaway9c@state.tx.us,Non-binary,230.174.53.36
338,Dalt,Poate,dpoate9d@indiegogo.com,Male,243.76.77.4
339,Serge,Gronaver,,Male,30.68.77.157
340,Corrie,Cobello,ccobello9f@rakuten.co.jp,Male,221.210.146.42
341,Manya,Broadley,mbroadley9g@shinystat.com,Non-binary,241.46.227.65
342,Eugene,Kinmond,ekinmond9h@freewebs.com,Male,143.39.82.242
343,Lilith,Skull,lskull9i@ask.com,Female,200.119.122.190
344,Doralia,Martinovsky,dmartinovsky9j@wikipedia.org,Female,146.110.74.176
345,Jason,Oleszczak,joleszczak9k@virginia.edu,Male,58.110.222.11
346,Dania,Petrol,dpetrol9l@github.io,Female,86.45.115.107
347,Kalvin,Dowsett,kdowsett9m@xinhuanet.com,Male,61.64.177.228
348,Donny,Arnaut,darnaut9n@house.gov,Female,113.154.92.142
349,Nevil,Pelosi,npelosi9o@guardian.co.uk,Male,209.212.150.25
350,Konstantin,Tallman,ktallman9p@stanford.edu,Male,106.85.22.0
351,Siegfried,Setchell,ssetchell9q@tinyurl.com,Male,132.100.70.73
352,Giovanni,Ripping,gripping9r@spotify.com,Male,0.81.117.137
353,Nanny,Say,nsay9s@cloudflare.com,Female,39.83.179.105
354,Marysa,Kinningley,mkinningley9t@icq.com,Female,153.219.88.87
355,Aime,Fryer,afryer9u@slashdot.org,Bigender,115.172.116.98
356,Temple,Brimilcome,tbrimilcome9v@infoseek.co.jp,Male,136.194.167.58
357,Jdavie,Whatford,jwhatford9w@salon.com,Male,105.37.77.231
358,Renie,Stoodale,rstoodale9x@google.it,Female,231.34.115.110
359,Mayor,Taffs,mtaffs9y@free.fr,Male,17.106.251.189
360,Marylee,Willis,mwillis9z@mlb.com,Agender,37.9.130.112
361,Peirce,Crichley,pcrichleya0@wikipedia.org,Male,129.134.130.164
362,Angelico,Rolstone,arolstonea1@bandcamp.com,Male,
363,Avictor,Rubury,aruburya2@howstuffworks.com,Male,85.16.119.56
364,Sidoney,Stoodley,sstoodleya3@omniture.com,Female,
365,Even,Aleshkov,ealeshkova4@guardian.co.uk,Male,239.65.246.159
366,Dominick,Garmon,dgarmona5@joomla.org,Male,188.111.28.43
367,Pavlov,Sainteau,psainteaua6@dion.ne.jp,Male,54.165.140.18
368,Nikoletta,Kilfeder,,Female,3.158.247.27
369,Coraline,Crichmere,ccrichmerea8@vinaora.com,Female,231.71.22.105
370,Ugo,Anney,uanneya9@indiegogo.com,Male,51.45.90.102
371,Sile,MacKonochie,smackonochieaa@patch.com,Female,76.190.36.245
372,Filberto,Cornes,fcornesab@networkadvertising.org,Male,41.15.22.16
373,Forester,Niave,fniaveac@mediafire.com,Male,163.94.100.173
374,Krispin,Haughton,khaughtonad@skyrock.com,Male,240.234.50.249
375,Lauri,Longhorne,llonghorneae@samsung.com,Female,
376,Collen,Wyer,cwyeraf@gizmodo.com,Female,226.228.131.209
377,Corbie,Kobieriecki,ckobierieckiag@ed.gov,Male,
378,Laney,Puddefoot,lpuddefootah@mozilla.com,Male,155.41.114.237
379,Matilda,Aron,maronai@census.gov,Female,
380,Rafaellle,Vineall,rvineallaj@cnbc.com,Male,
381,Marylou,Comer,mcomerak@bravesites.com,Female,70.119.197.223
382,Rosanna,Chidlow,rchidlowal@opera.com,Female,166.153.218.71
383,Quincy,Scapelhorn,qscapelhornam@vimeo.com,Male,190.24.171.77
384,Dore,Kersley,dkersleyan@mapy.cz,Female,205.175.139.107
385,Minna,Emmerson,memmersonao@blogtalkradio.com,Female,217.191.146.46
386,Rusty,Brobeck,rbrobeckap@businessweek.com,Male,217.31.234.107
387,Auroora,Maplestone,amaplestoneaq@goo.ne.jp,Female,212.235.168.244
388,Jillene,Vevers,jveversar@cbsnews.com,Female,160.36.8.25
389,Bernette,Blatherwick,bblatherwickas@ameblo.jp,Female,
390,Molli,Edgecombe,medgecombeat@slate.com,Female,
391,Saudra,Dewer,sdewerau@people.com.cn,Female,189.143.184.124
392,Waiter,Connichie,wconnichieav@prlog.org,Bigender,49.141.25.142
393,Mallissa,Bestar,mbestaraw@soup.io,Female,
394,Jedediah,Gaunt,jgauntax@telegraph.co.uk,Male,93.179.58.216
395,Flory,Harefoot,fharefootay@springer.com,Male,151.38.31.147
396,Prisca,Teggart,pteggartaz@washingtonpost.com,Female,204.117.107.199
397,Bonnibelle,Kainz,bkainzb0@unc.edu,Female,23.47.149.163
398,Antonino,MacKee,amackeeb1@uiuc.edu,Male,118.215.24.25
399,Clarey,Niesel,cnieselb2@narod.ru,Female,51.185.129.236
400,Marlee,Bravington,mbravingtonb3@miibeian.gov.cn,Female,51.201.54.36
401,Ravid,Gregr,rgregrb4@blogspot.com,Male,247.42.222.156
402,Danette,Cossar,dcossarb5@indiatimes.com,Female,210.66.153.61
403,Ellerey,Heinz,eheinzb6@ibm.com,Male,39.189.174.67
404,Zora,Bassindale,zbassindaleb7@ocn.ne.jp,Female,51.210.109.54
405,Lindi,Lefridge,llefridgeb8@qq.com,Female,
406,Manya,Langshaw,mlangshawb9@upenn.edu,Female,154.42.232.130
407,Byrom,Macvey,bmacveyba@acquirethisname.com,Male,247.197.79.109
408,Krishna,Lansdowne,klansdownebb@squidoo.com,Male,
409,Remus,Hearthfield,rhearthfieldbc@51.la,Male,141.230.222.34
410,Morey,Riddle,mriddlebd@answers.com,Male,
411,Humphrey,Maddison,hmaddisonbe@drupal.org,Male,184.47.7.146
412,Kristopher,Bertelet,kberteletbf@disqus.com,Male,0.149.52.80
413,Sioux,Elington,,Female,207.146.225.112
414,Barbie,Divina,bdivinabh@quantcast.com,Female,251.228.221.208
415,Daryl,Hinrichsen,dhinrichsenbi@a8.net,Female,45.5.249.173
416,Aurilia,Paulson,apaulsonbj@de.vu,Female,132.34.117.202
417,Micheal,Lowden,mlowdenbk@ifeng.com,Genderqueer,241.96.209.251
418,Ema,Bows,ebowsbl@so-net.ne.jp,Female,7.50.219.102
419,Baryram,Hollyard,bhollyardbm@skyrock.com,Male,189.146.105.14
420,Cece,Greatbatch,cgreatbatchbn@kickstarter.com,Male,
421,Floria,Cayet,fcayetbo@chron.com,Female,101.23.185.209
422,Lilith,Gaynesford,lgaynesfordbp@pcworld.com,Female,143.231.187.188
423,Paddy,Itzkin,pitzkinbq@spiegel.de,Male,
424,Anetta,Kittel,akittelbr@xing.com,Female,253.76.249.145
425,Sherline,Phlippi,sphlippibs@google.cn,Female,112.20.43.18
426,Idaline,Doerr,idoerrbt@fema.gov,Female,56.107.69.135
427,Katharine,Holcroft,kholcroftbu@ftc.gov,Bigender,7.175.51.147
428,Brenda,Ragot,,Female,130.90.221.245
429,Brade,Scapelhorn,bscapelhornbw@mlb.com,Male,248.49.38.81
430,Agnesse,Murrock,amurrockbx@ezinearticles.com,Female,60.20.122.138
431,Samaria,Utley,sutleyby@over-blog.com,Agender,228.131.248.67
432,Susann,Goncaves,sgoncavesbz@hugedomains.com,Female,238.15.249.140
433,Rodolph,Poor,rpoorc0@amazon.de,Bigender,18.184.38.14
434,Bradford,Vossing,bvossingc1@purevolume.com,Male,9.207.78.75
435,Rog,Rowsell,rrowsellc2@facebook.com,Male,161.247.21.138
436,Devin,Dadds,ddaddsc3@tumblr.com,Genderfluid,
437,Stephan,Jelk,sjelkc4@apache.org,Male,
438,Ambrosius,Mawtus,amawtusc5@cbsnews.com,Genderfluid,
439,Timofei,Neem,,Male,59.127.194.190
440,Jaye,Linnock,jlinnockc7@pcworld.com,Male,86.31.111.62
441,Ondrea,Friedank,,Female,43.67.153.240
442,Fran,Aubin,,Male,203.213.122.179
443,Kellia,Bolte,kbolteca@ftc.gov,Female,
444,Alejandra,Toffoletto,atoffolettocb@upenn.edu,Female,5.151.171.255
445,Ted,Howsan,thowsancc@stanford.edu,Male,160.71.46.90
446,Laurie,Favill,,Male,180.11.81.183
447,Dimitri,Dutnall,ddutnallce@time.com,Genderqueer,128.99.148.68
448,Porty,Splevins,psplevinscf@usnews.com,Male,
449,Fionna,Stoffer,fstoffercg@ucoz.com,Female,146.104.120.36
450,Lolita,Waring,lwaringch@google.com.au,Female,97.127.232.132
451,Cammie,Cissell,ccissellci@slideshare.net,Female,
452,Chaddy,Aleveque,calevequecj@washington.edu,Genderfluid,82.69.17.238
453,Demetris,Baron,dbaronck@oakley.com,Polygender,5.212.28.243
454,Celka,Creech,ccreechcl@parallels.com,Female,38.179.137.16
455,Darbie,Mulran,dmulrancm@ycombinator.com,Female,28.187.0.208
456,Dannie,Renachowski,drenachowskicn@washingtonpost.com,Male,237.19.183.81
457,Jessi,Potkins,jpotkinsco@so-net.ne.jp,Polygender,6.103.72.93
458,Pearce,Duggary,pduggarycp@alibaba.com,Male,
459,Tab,Burkart,tburkartcq@usnews.com,Male,102.253.193.162
460,Isiahi,Grigorey,igrigoreycr@so-net.ne.jp,Male,
461,Frannie,Phethean,fphetheancs@mail.ru,Male,124.100.228.29
462,Gaston,Leal,glealct@toplist.cz,Genderfluid,247.165.25.70
463,Bride,Merigot,bmerigotcu@deviantart.com,Female,219.240.187.68
464,Berget,Swepson,bswepsoncv@cyberchimps.com,Female,
465,Philip,Kelloch,pkellochcw@cocolog-nifty.com,Male,
466,Jamima,Noddles,jnoddlescx@jimdo.com,Female,210.105.190.219
467,Grier,Chidler,gchidlercy@phoca.cz,Female,143.143.241.79
468,Burke,Reef,breefcz@prweb.com,Polygender,36.255.1.170
469,Oates,Plet,opletd0@zdnet.com,Genderqueer,174.200.59.102
470,Tracey,Purches,tpurchesd1@archive.org,Non-binary,31.35.82.85
471,Sammy,Canfield,scanfieldd2@spiegel.de,Female,220.178.245.49
472,Daniela,O'Dare,dodared3@timesonline.co.uk,Female,
473,Giraldo,Parkey,gparkeyd4@jalbum.net,Male,60.245.113.155
474,Ofelia,Benardet,obenardetd5@oracle.com,Female,195.190.150.69
475,Nichol,Coumbe,ncoumbed6@vistaprint.com,Female,41.214.85.231
476,Clementius,Starsmeare,cstarsmeared7@ucsd.edu,Male,163.159.178.30
477,Raleigh,Marchenko,rmarchenkod8@cbc.ca,Male,12.210.251.150
478,Cull,Enefer,ceneferd9@mozilla.org,Male,
479,Serene,Newis,snewisda@booking.com,Female,71.181.171.109
480,Kacy,Fatscher,kfatscherdb@clickbank.net,Female,74.6.251.42
481,Mallory,Jiri,mjiridc@ebay.co.uk,Male,70.169.158.95
482,Drusy,Wolsey,dwolseydd@woothemes.com,Female,181.242.158.230
483,Adella,Trevance,atrevancede@technorati.com,Female,
484,Lesli,Vanetti,lvanettidf@sogou.com,Female,44.13.105.112
485,Erhard,Romera,eromeradg@sbwire.com,Male,146.250.245.161
486,Noach,Suggate,,Male,60.6.227.129
487,Abelard,Lackner,alacknerdi@independent.co.uk,Male,
488,Nicolai,Kenington,nkeningtondj@globo.com,Male,240.165.146.2
489,Griffin,Piola,,Male,
490,Owen,Duns,odunsdl@dmoz.org,Male,125.150.171.225
491,Quinn,Fidgin,qfidgindm@google.cn,Male,21.18.182.161
492,Todd,Fant,tfantdn@ted.com,Male,254.237.119.135
493,Rubina,Bunyard,rbunyarddo@spotify.com,Female,100.163.61.84
494,Far,Sprowle,fsprowledp@cdbaby.com,Male,246.50.113.217
495,Cyndy,Troup,ctroupdq@miitbeian.gov.cn,Polygender,181.9.148.225
496,Lanna,Roubottom,lroubottomdr@google.es,Female,216.20.184.35
497,Morty,Votier,mvotierds@japanpost.jp,Male,191.87.124.158
498,Martita,Cleary,mclearydt@hostgator.com,Female,40.194.234.88
499,Cheri,Josofovitz,cjosofovitzdu@europa.eu,Female,
500,Thom,Kidman,tkidmandv@tripadvisor.com,Male,166.103.195.216
501,Chlo,Coughlan,,Female,95.252.247.70
502,Isabella,Zebedee,izebedeedx@examiner.com,Genderqueer,177.117.152.48
503,Ardene,Yosselevitch,ayosselevitchdy@xinhuanet.com,Female,22.240.201.84
504,Janelle,Mecco,jmeccodz@cbsnews.com,Female,83.167.220.40
505,Alyss,Culcheth,aculchethe0@shutterfly.com,Non-binary,230.37.85.160
506,Weber,Thorsby,wthorsbye1@epa.gov,Male,101.65.208.189
507,Sarette,Ahern,saherne2@free.fr,Female,230.30.172.46
508,Robbie,Popeley,rpopeleye3@mayoclinic.com,Female,173.172.182.52
509,Gail,Branford,gbranforde4@nps.gov,Female,176.71.108.241
510,Jacqueline,McGuggy,jmcguggye5@twitter.com,Female,226.204.43.223
511,Kaye,Greenalf,kgreenalfe6@webs.com,Polygender,177.29.208.202
512,Frasco,Crigin,fcrigine7@mit.edu,Male,172.122.43.52
513,Reilly,Ganning,rganninge8@trellian.com,Male,185.184.73.105
514,Ezekiel,Pinkerton,epinkertone9@shutterfly.com,Male,74.96.240.3
515,Aeriell,Diable,adiableea@apache.org,Female,133.4.4.180
516,Ophelia,Langlois,olangloiseb@bloomberg.com,Female,236.90.109.117
517,Fifine,Boggish,fboggishec@is.gd,Female,189.229.176.137
518,Lanie,Juarez,ljuarezed@newyorker.com,Male,90.73.218.127
519,Barbette,Glentworth,bglentworthee@ed.gov,Female,75.70.85.51
520,Sindee,Bulpitt,sbulpittef@nih.gov,Female,55.223.75.121
521,Patrizio,Bertelsen,pbertelseneg@elegantthemes.com,Male,112.40.80.167
522,Derrick,Gosnell,dgosnelleh@51.la,Male,189.109.68.20
523,Lynea,Tippetts,ltippettsei@webeden.co.uk,Female,89.140.235.118
524,Dee dee,Torrijos,dtorrijosej@reddit.com,Bigender,18.163.2.111
525,Tybalt,Melhuish,tmelhuishek@symantec.com,Male,218.94.247.243
526,Gordy,Tuplin,gtuplinel@merriam-webster.com,Male,203.60.159.57
527,Scott,Torpie,,Male,218.167.57.90
528,Arly,Szepe,aszepeen@artisteer.com,Female,125.237.225.206
529,Inger,Illsley,iillsleyeo@icio.us,Male,
530,Barnabas,Pund,bpundep@hao123.com,Male,77.152.57.205
531,Kimberley,Pinckard,kpinckardeq@sina.com.cn,Female,146.205.237.170
532,Dyan,Browse,dbrowseer@google.pl,Agender,1.200.181.4
533,Cathee,Stefanovic,cstefanovices@globo.com,Female,204.176.206.23
534,Kevyn,Sinkinson,ksinkinsonet@chron.com,Female,224.180.221.198
535,Garrett,Scorey,gscoreyeu@joomla.org,Male,
536,Fleur,Tookey,ftookeyev@istockphoto.com,Female,
537,Grissel,O'Glassane,goglassaneew@forbes.com,Female,107.50.152.8
538,Joel,Wallege,jwallegeex@fc2.com,Male,130.89.220.125
539,Vincenz,Braksper,vbraksperey@aol.com,Male,0.0.102.150
540,Brand,Farrah,bfarrahez@ucoz.ru,Male,100.202.160.33
541,Nickey,Wurst,nwurstf0@huffingtonpost.com,Male,214.164.118.232
542,Babette,Ilive,bilivef1@soup.io,Female,117.26.71.41
543,Muire,Luttger,mluttgerf2@epa.gov,Female,21.0.107.108
544,Lind,Pirrey,lpirreyf3@nps.gov,Male,75.117.232.151
545,Conant,Rimour,crimourf4@sciencedaily.com,Male,142.12.31.129
546,Novelia,Sail,nsailf5@kickstarter.com,Female,212.236.239.54
547,Elmo,Leahey,eleaheyf6@domainmarket.com,Male,158.103.38.128
548,Yance,Sedwick,ysedwickf7@nhs.uk,Male,183.125.251.18
549,Wait,Coulson,wcoulsonf8@sciencedaily.com,Male,122.139.4.134
550,Laney,Conquer,,Male,255.56.180.232
551,Tynan,Spaldin,tspaldinfa@fda.gov,Male,
552,Leland,Wigan,lwiganfb@acquirethisname.com,Male,75.213.185.146
553,Inga,Barff,ibarfffc@nhs.uk,Female,105.162.2.242
554,Sandy,Bernardi,sbernardifd@comsenz.com,Genderfluid,159.186.162.241
555,Alfons,Oran,aoranfe@imageshack.us,Male,
556,Yetty,Aleksandrov,yaleksandrovff@moonfruit.com,Female,28.124.202.105
557,Matthiew,Morgon,mmorgonfg@cnbc.com,Male,146.18.34.160
558,Ripley,Bodham,rbodhamfh@google.ru,Male,115.3.178.247
559,Farlay,Swiggs,fswiggsfi@army.mil,Male,154.61.22.99
560,Hew,Ackland,hacklandfj@vimeo.com,Male,219.103.4.79
561,Siusan,Olijve,solijvefk@tuttocitta.it,Genderqueer,197.180.24.198
562,Teressa,Kendle,tkendlefl@zdnet.com,Female,32.77.60.237
563,Curran,Tripney,ctripneyfm@cnn.com,Male,
564,Ferrel,Capponeer,fcapponeerfn@toplist.cz,Male,219.134.56.24
565,Phaidra,Primarolo,pprimarolofo@bluehost.com,Female,76.61.33.94
566,Clywd,Hyams,chyamsfp@shinystat.com,Male,30.28.44.106
567,Beniamino,Matteau,bmatteaufq@netlog.com,Male,
568,Thorny,Conybear,tconybearfr@last.fm,Male,
569,Bert,Sier,bsierfs@fda.gov,Male,192.30.203.251
570,Errick,Skelly,eskellyft@shutterfly.com,Male,11.132.198.58
571,Georg,Garrettson,ggarrettsonfu@wikispaces.com,Male,94.86.69.159
572,Adelaide,Sparham,asparhamfv@china.com.cn,Female,231.197.32.229
573,Florentia,Gerhts,fgerhtsfw@nationalgeographic.com,Female,236.101.58.24
574,Meaghan,Baldrick,mbaldrickfx@shinystat.com,Female,48.158.79.197
575,Hope,Castletine,hcastletinefy@tinyurl.com,Female,
576,Angelle,Extance,aextancefz@msu.edu,Female,195.176.78.195
577,Schuyler,Castagnaro,scastagnarog0@spiegel.de,Male,
578,Griffith,Burdett,gburdettg1@skype.com,Male,7.62.232.175
579,Adora,Iskov,aiskovg2@microsoft.com,Female,231.74.123.42
580,Teodorico,Goatcher,tgoatcherg3@meetup.com,Male,192.180.154.163
581,Nikolai,McTrustie,nmctrustieg4@senate.gov,Male,101.124.171.174
582,Morgan,Ellershaw,mellershawg5@plala.or.jp,Male,83.247.205.156
583,Talya,Dillingstone,tdillingstoneg6@sina.com.cn,Female,
584,Agata,Fowley,afowleyg7@skyrock.com,Female,
585,Jaime,Feldmesser,jfeldmesserg8@ftc.gov,Female,9.0.228.58
586,Alphonso,Seadon,,Male,243.69.158.72
587,Ferdinanda,Sturney,fsturneyga@opera.com,Female,89.54.226.235
588,Euphemia,Kittless,,Female,22.103.23.129
589,Dalia,Hallybone,dhallybonegc@so-net.ne.jp,Female,152.110.95.166
590,Nero,Pennycock,npennycockgd@japanpost.jp,Male,97.153.177.200
591,Kris,Harrild,kharrildge@bloglovin.com,Male,120.16.32.194
592,Mariejeanne,Licence,mlicencegf@desdev.cn,Female,22.104.185.19
593,Tanney,Aldgate,taldgategg@cocolog-nifty.com,Male,195.143.246.35
594,Alane,Pashenkov,apashenkovgh@spiegel.de,Female,152.172.254.142
595,Grange,Barenski,gbarenskigi@cnn.com,Male,252.144.119.189
596,Mildred,Caile,mcailegj@geocities.jp,Female,22.137.118.72
597,Joyan,Bazylets,jbazyletsgk@scientificamerican.com,Genderqueer,150.136.102.199
598,Tabb,Candelin,tcandelingl@economist.com,Male,192.186.249.140
599,Aurelea,Pontefract,apontefractgm@wikispaces.com,Bigender,74.56.122.175
600,Washington,Vickarman,wvickarmangn@purevolume.com,Male,119.199.249.163
601,Tine,MacTague,tmactaguego@omniture.com,Female,64.9.62.93
602,Barrie,Oliva,bolivagp@hhs.gov,Female,67.242.154.212
603,Sybila,Coombe,scoombegq@tamu.edu,Female,233.103.129.185
604,Ignaz,Kenrack,ikenrackgr@apple.com,Male,137.121.130.239
605,Anton,Crosher,acroshergs@feedburner.com,Male,52.78.100.31
606,Aubert,Bitterton,abittertongt@illinois.edu,Male,1.98.120.53
607,Dallis,Gallone,dgallonegu@icio.us,Male,
608,Bogart,Loffel,bloffelgv@domainmarket.com,Male,211.79.81.96
609,Adora,Dybald,adybaldgw@archive.org,Female,
610,Carolin,Leathlay,cleathlaygx@instagram.com,Female,145.154.237.173
611,Jakob,Rings,jringsgy@nydailynews.com,Male,26.164.14.122
612,Archibold,Ingliby,ainglibygz@usda.gov,Male,59.179.86.188
613,Averil,Hanscombe,ahanscombeh0@google.ca,Male,166.135.226.211
614,Regan,Sloss,rslossh1@boston.com,Female,174.124.251.189
615,Gaston,Shelliday,gshellidayh2@about.com,Genderqueer,126.29.241.198
616,Bethanne,Kingaby,bkingabyh3@marketwatch.com,Female,38.97.66.222
617,Devina,Gavagan,dgavaganh4@yellowpages.com,Female,41.245.176.55
618,Adrien,Shapira,ashapirah5@livejournal.com,Agender,21.189.24.73
619,Roxanna,Clemerson,rclemersonh6@amazonaws.com,Female,252.74.65.82
620,Pierrette,O'Connor,poconnorh7@house.gov,Female,252.138.45.146
621,Renado,Bellhanger,rbellhangerh8@chronoengine.com,Male,46.65.67.220
622,Danya,Treadway,dtreadwayh9@topsy.com,Female,212.38.253.52
623,Skylar,Barnsley,sbarnsleyha@slashdot.org,Male,149.26.131.50
624,Lem,Halton,lhaltonhb@1und1.de,Male,67.168.136.55
625,Dawn,Cassley,dcassleyhc@printfriendly.com,Female,87.186.9.169
626,Dewain,Renshall,drenshallhd@odnoklassniki.ru,Male,176.183.252.231
627,Torie,Londsdale,tlondsdalehe@wisc.edu,Female,100.109.138.72
628,Meade,Lamey,mlameyhf@va.gov,Male,29.213.48.207
629,Maren,Fishleigh,mfishleighhg@weibo.com,Female,49.3.173.250
630,Hayes,Cosslett,hcossletthh@google.com.hk,Male,210.202.151.80
631,Lyssa,Malsher,lmalsherhi@adobe.com,Female,63.133.0.126
632,Cullan,Dallison,cdallisonhj@squidoo.com,Male,83.18.104.246
633,Bondon,Scarsbrick,bscarsbrickhk@washingtonpost.com,Male,170.210.35.66
634,Lucia,Folbigg,lfolbigghl@ow.ly,Female,133.135.157.217
635,Myles,Nelthorpe,mnelthorpehm@skype.com,Male,168.201.153.53
636,Whitman,Robardet,wrobardethn@businessweek.com,Bigender,13.47.63.193
637,Hashim,Iacovolo,hiacovoloho@surveymonkey.com,Bigender,
638,Doro,Pepperd,dpepperdhp@themeforest.net,Genderfluid,34.61.144.236
639,Hastie,Aldred,haldredhq@xrea.com,Non-binary,
640,Quinta,Gehringer,qgehringerhr@trellian.com,Female,6.182.190.123
641,Michel,Pioli,mpiolihs@goo.gl,Female,140.23.26.217
642,Butch,Farguhar,bfarguharht@t-online.de,Male,89.193.64.233
643,Michael,Mityashin,mmityashinhu@fotki.com,Polygender,19.181.245.79
644,Marleah,Duffett,,Female,166.135.254.101
645,Jerry,Tixier,jtixierhw@youtube.com,Female,105.47.166.177
646,Lucais,Sheard,lsheardhx@amazonaws.com,Bigender,189.93.136.183
647,Thorsten,Frend,tfrendhy@blogger.com,Male,80.9.102.108
648,Connie,Gloyens,,Male,1.29.127.24
649,Rowe,Guillot,rguilloti0@dedecms.com,Female,63.166.107.128
650,Jenni,Choupin,jchoupini1@ow.ly,Female,238.33.15.7
651,Phylys,Simmers,psimmersi2@google.com.br,Female,
652,Justine,Winnard,jwinnardi3@jigsy.com,Female,0.196.59.33
653,Milo,Oughtright,moughtrighti4@smh.com.au,Male,214.37.131.202
654,Alana,Piperley,apiperleyi5@ebay.co.uk,Agender,204.82.94.63
655,Jodi,Emmanuele,,Female,252.212.149.135
656,Manda,Tomaselli,mtomasellii7@t-online.de,Female,71.32.187.167
657,Quintus,Mawtus,qmawtusi8@icio.us,Bigender,32.172.204.189
658,Alexandro,Gouda,agoudai9@google.ca,Male,
659,Ahmed,Millery,amilleryia@theglobeandmail.com,Male,120.208.204.74
660,Jody,Blaksland,jblakslandib@4shared.com,Male,205.214.201.197
661,Sidnee,Barens,sbarensic@so-net.ne.jp,Male,144.179.226.153
662,Karole,Redhouse,kredhouseid@washingtonpost.com,Female,16.88.151.63
663,Toddy,Shepherdson,tshepherdsonie@gnu.org,Male,
664,Prue,Rustadge,prustadgeif@flickr.com,Female,87.18.89.151
665,Johnna,Hebdon,jhebdonig@sourceforge.net,Female,135.201.92.242
666,Graeme,Skirven,gskirvenih@tmall.com,Male,195.34.77.100
667,Duffy,Eades,deadesii@umn.edu,Male,128.193.72.200
668,Phyllis,Hamlin,phamlinij@shareasale.com,Female,188.8.75.76
669,Dallas,Libby,dlibbyik@wiley.com,Female,186.12.59.255
670,Mehetabel,Janiak,mjaniakil@opensource.org,Bigender,
671,Elinore,Lennon,,Female,255.86.208.145
672,Caryn,Luttgert,cluttgertin@studiopress.com,Female,0.166.136.79
673,Burke,Savatier,bsavatierio@4shared.com,Male,143.26.190.119
674,Cristie,Sparkwell,csparkwellip@hostgator.com,Female,112.125.223.84
675,Latia,Fairleigh,lfairleighiq@angelfire.com,Female,184.28.26.253
676,Benedick,Stathers,bstathersir@elegantthemes.com,Male,
677,Iris,Rennard,irennardis@irs.gov,Female,169.22.106.3
678,Trent,Dumphy,tdumphyit@cnn.com,Male,
679,Tate,Farney,tfarneyiu@theatlantic.com,Male,54.28.102.217
680,Ennis,Pettengell,epettengelliv@godaddy.com,Male,62.148.92.60
681,Donall,Pryell,dpryelliw@histats.com,Male,89.210.138.154
682,Horten,Domerque,hdomerqueix@opensource.org,Male,158.55.235.41
683,Wilfrid,Heaysman,wheaysmaniy@feedburner.com,Male,195.110.186.52
684,Jenine,Cornewell,jcornewelliz@addthis.com,Female,
685,Gordon,Clemenza,gclemenzaj0@wix.com,Male,122.205.104.72
686,Arlena,Cordes,acordesj1@timesonline.co.uk,Agender,171.225.212.149
687,Angela,Lenahan,alenahanj2@pinterest.com,Female,162.139.246.54
688,Cart,Choulerton,cchoulertonj3@geocities.jp,Male,230.46.106.135
689,Kessiah,Baudasso,kbaudassoj4@hugedomains.com,Female,146.253.39.135
690,Loni,Nutton,lnuttonj5@posterous.com,Female,142.1.232.217
691,Estevan,Mabbett,emabbettj6@mayoclinic.com,Male,102.190.8.222
692,Bastian,Goulbourne,bgoulbournej7@yahoo.com,Male,236.204.225.172
693,Hendrika,Braunds,hbraundsj8@com.com,Female,123.25.51.27
694,Ker,Gwyllt,kgwylltj9@nsw.gov.au,Male,237.199.155.64
695,Jae,Exer,jexerja@hp.com,Male,
696,Moreen,Skryne,mskrynejb@nasa.gov,Female,142.251.32.64
697,Germaine,Bumpass,gbumpassjc@ning.com,Male,207.209.89.181
698,Jordana,Newlove,jnewlovejd@mysql.com,Female,64.81.160.119
699,Pauly,Arundell,parundellje@unesco.org,Female,93.109.102.235
700,Bellina,Schankelborg,bschankelborgjf@google.ca,Female,231.230.108.28
701,Guglielmo,Houlaghan,ghoulaghanjg@tripadvisor.com,Male,167.144.208.144
702,Berky,Georgievski,bgeorgievskijh@de.vu,Male,
703,Trudy,Barrat,,Genderqueer,148.75.122.68
704,Jsandye,Dunbobin,jdunbobinjj@umich.edu,Female,232.25.230.192
705,Reyna,Martineau,rmartineaujk@hexun.com,Female,89.77.127.34
706,Donnamarie,Londing,dlondingjl@webmd.com,Female,64.145.203.2
707,Imogen,Kelk,ikelkjm@boston.com,Female,36.216.163.244
708,Garold,Wilkisson,gwilkissonjn@shutterfly.com,Male,42.175.144.94
709,Sampson,Gingold,sgingoldjo@tinyurl.com,Male,233.14.151.168
710,Merwin,Mallord,mmallordjp@pen.io,Male,112.21.220.62
711,Randa,Sprason,,Female,95.63.191.70
712,Pascale,Huffa,phuffajr@t.co,Male,202.90.83.87
713,Davida,Murdie,dmurdiejs@pcworld.com,Female,186.184.229.200
714,Zacherie,Churchman,,Male,67.92.111.205
715,Thurstan,Gartland,tgartlandju@redcross.org,Male,161.127.176.240
716,Fara,Cawsby,fcawsbyjv@uiuc.edu,Female,
717,Agace,Rayer,arayerjw@aol.com,Female,188.84.29.147
718,Emanuele,Lunny,elunnyjx@google.com,Male,159.108.36.128
719,Elmer,Cockram,ecockramjy@mayoclinic.com,Male,99.55.111.95
720,Berton,Riddich,briddichjz@homestead.com,Male,24.39.111.71
721,George,Yakuntzov,gyakuntzovk0@admin.ch,Non-binary,150.47.130.115
722,Alwin,Lamburn,alamburnk1@sohu.com,Male,173.198.169.219
723,Georgi,Tunny,gtunnyk2@europa.eu,Genderfluid,153.203.211.75
724,Fania,James,fjamesk3@behance.net,Female,140.81.241.102
725,Olly,Dumini,oduminik4@hhs.gov,Male,37.1.230.113
726,Rea,Winnard,rwinnardk5@yandex.ru,Female,101.167.126.199
727,Isidor,Whitten,iwhittenk6@yellowbook.com,Male,24.43.130.151
728,Edgardo,Lippi,elippik7@dagondesign.com,Male,184.158.210.135
729,Alica,Basnett,abasnettk8@xing.com,Female,46.137.225.4
730,Kristian,Jeffray,,Male,122.240.27.185
731,Andros,Yurivtsev,ayurivtsevka@tripadvisor.com,Male,
732,Phillis,Tuson,ptusonkb@trellian.com,Female,100.85.211.115
733,Kristofor,Lascelles,klascelleskc@ameblo.jp,Polygender,224.149.179.67
734,Tan,Dover,tdoverkd@blogtalkradio.com,Male,43.150.45.205
735,Hobie,Lasslett,hlasslettke@cnn.com,Male,118.68.138.64
736,Abagael,Ingyon,aingyonkf@reverbnation.com,Female,0.104.235.3
737,Nathalie,Lindsley,nlindsleykg@gov.uk,Female,
738,Susannah,Dilworth,sdilworthkh@theatlantic.com,Female,56.211.130.235
739,Hank,Kraft,,Agender,
740,Pierson,Abriani,pabrianikj@artisteer.com,Male,149.31.9.2
741,Florry,Wesker,fweskerkk@paypal.com,Female,11.227.198.110
742,Normand,Haskett,nhaskettkl@hostgator.com,Male,247.141.231.112
743,Janith,Clifforth,jclifforthkm@chron.com,Female,
744,Piggy,Andryszczak,pandryszczakkn@amazon.co.uk,Male,139.29.86.18
745,Selena,Gotcher,sgotcherko@people.com.cn,Female,172.54.198.123
746,Maurits,Stiffell,mstiffellkp@storify.com,Male,83.183.197.21
747,Isidoro,Le Gall,ilegallkq@mit.edu,Male,154.190.190.67
748,Sharla,Silk,ssilkkr@privacy.gov.au,Female,36.33.190.188
749,Artemis,McBoyle,amcboyleks@lulu.com,Male,175.227.5.255
750,Hurley,Southey,hsoutheykt@pbs.org,Male,110.198.122.94
751,Sherie,Sego,ssegoku@uiuc.edu,Female,138.193.238.28
752,Moll,Fursse,mfurssekv@google.es,Female,149.248.62.35
753,Cchaddie,Bolgar,,Male,233.101.142.235
754,Bord,Stoeck,bstoeckkx@tmall.com,Male,198.60.134.15
755,Sol,Skyme,sskymeky@umn.edu,Male,73.93.235.32
756,Any,Jordison,ajordisonkz@princeton.edu,Male,
757,Henri,Harrismith,hharrismithl0@psu.edu,Male,58.229.152.224
758,Iggie,Wildish,iwildishl1@amazon.com,Agender,
759,Rodi,Norssister,rnorssisterl2@sina.com.cn,Genderfluid,142.3.94.249
760,Arielle,Janse,ajansel3@blinklist.com,Female,113.4.146.138
761,Valene,McBrearty,vmcbreartyl4@stanford.edu,Female,229.223.34.61
762,Vince,Adam,vadaml5@booking.com,Male,189.174.132.51
763,Jordanna,Keogh,jkeoghl6@phoca.cz,Female,52.119.243.78
764,Minta,Copestick,mcopestickl7@taobao.com,Female,92.190.100.188
765,Eric,Verne,evernel8@squidoo.com,Male,73.137.49.246
766,Thayne,Leyes,,Male,154.72.222.232
767,Alia,Basford,abasfordla@fc2.com,Female,8.197.118.189
768,Perri,Stennes,pstenneslb@businessweek.com,Female,224.247.172.238
769,Worthington,Jecks,wjeckslc@google.com.au,Male,10.19.171.124
770,Sarine,Veasey,sveaseyld@upenn.edu,Female,181.197.73.238
771,Gordie,Legister,glegisterle@sphinn.com,Male,
772,Nels,Pietrzyk,npietrzyklf@ameblo.jp,Male,60.251.17.20
773,Bernadine,Lee,bleelg@huffingtonpost.com,Genderfluid,141.31.65.159
774,Gillie,Yggo,gyggolh@typepad.com,Female,141.255.144.200
775,Sophey,Lenham,slenhamli@dyndns.org,Female,90.56.109.104
776,Jervis,Bonin,jboninlj@comsenz.com,Male,239.68.241.15
777,Cesar,Twelvetree,,Male,33.143.75.1
778,Aluin,Gleadhell,agleadhellll@posterous.com,Male,27.172.204.164
779,Lloyd,Padginton,lpadgintonlm@free.fr,Male,45.29.125.225
780,Nessa,Edinburough,nedinburoughln@devhub.com,Female,170.25.97.23
781,Lodovico,Greeding,lgreedinglo@so-net.ne.jp,Male,184.32.1.41
782,Lebbie,Tipping,ltippinglp@hhs.gov,Female,108.143.173.124
783,Harry,Webber,hwebberlq@cloudflare.com,Male,247.247.34.3
784,Beaufort,Rendell,brendelllr@youtu.be,Male,
785,Frederik,Elvidge,felvidgels@geocities.jp,Male,137.45.227.53
786,Biddie,Le Gall,blegalllt@instagram.com,Female,178.67.134.220
787,Saul,Crow,scrowlu@latimes.com,Male,10.44.98.10
788,Giulia,Odam,godamlv@unc.edu,Female,
789,Cherry,Klimsch,cklimschlw@tinypic.com,Female,186.100.14.9
790,Kingston,Elsmor,kelsmorlx@berkeley.edu,Male,243.248.130.14
791,Huntlee,Baudone,,Male,22.155.187.82
792,Olag,Itzhaki,oitzhakilz@google.ru,Agender,170.109.27.166
793,Jessee,Mc Pake,jmcpakem0@wiley.com,Male,150.119.235.17
794,Talbert,Govini,tgovinim1@wufoo.com,Male,80.48.5.164
795,Bernete,Bolus,bbolusm2@devhub.com,Female,
796,Loise,Puttan,lputtanm3@cam.ac.uk,Female,136.247.26.11
797,Teri,Carroll,,Female,148.251.24.189
798,Rodolphe,Sotheron,rsotheronm5@businessinsider.com,Male,
799,Rolf,Halmkin,rhalmkinm6@amazon.com,Male,47.207.183.155
800,Baird,Cranney,bcranneym7@addthis.com,Male,114.83.214.63
801,Kurtis,Byllam,kbyllamm8@desdev.cn,Agender,193.92.62.117
802,Hugibert,Alessandrini,halessandrinim9@github.com,Male,159.230.167.247
803,Fleming,Hankey,fhankeyma@prweb.com,Male,34.39.240.198
804,Arnoldo,Marians,amariansmb@creativecommons.org,Male,167.59.196.54
805,Chucho,Crathorne,ccrathornemc@cdbaby.com,Male,184.118.203.225
806,Neile,Chestnutt,nchestnuttmd@scientificamerican.com,Female,184.27.241.90
807,Audre,Auger,aaugerme@weather.com,Genderqueer,228.230.21.124
808,Hamil,Audry,haudrymf@dagondesign.com,Male,55.35.35.119
809,Alanson,Mariault,amariaultmg@vinaora.com,Male,176.28.69.22
810,Charmine,Tuminelli,,Female,92.196.251.170
811,Guilbert,Everton,gevertonmi@uol.com.br,Male,227.153.60.222
812,Jenica,Iczokvitz,,Polygender,33.168.21.206
813,Mano,Colerick,mcolerickmk@surveymonkey.com,Male,144.100.216.5
814,Leesa,Burnhams,lburnhamsml@sun.com,Female,93.149.7.232
815,Carmella,Tiptaft,ctiptaftmm@latimes.com,Female,224.240.136.229
816,Raf,Moberley,rmoberleymn@g.co,Female,170.140.244.126
817,Iris,Kempe,,Genderqueer,10.114.150.132
818,Hillary,Ezele,hezelemp@fema.gov,Female,136.29.111.94
819,Eugenie,Whorlton,ewhorltonmq@symantec.com,Female,251.23.8.10
820,Melba,Mitten,mmittenmr@printfriendly.com,Bigender,111.17.229.250
821,Elfreda,Hurich,,Female,
822,Molly,Rockwill,mrockwillmt@time.com,Female,20.217.115.45
823,Lari,Diggell,ldiggellmu@1688.com,Female,194.174.109.137
824,Kania,Pierson,kpiersonmv@biblegateway.com,Female,82.17.215.98
825,Joshia,Bedham,jbedhammw@hubpages.com,Male,56.164.172.76
826,Darb,Peever,dpeevermx@mediafire.com,Male,119.87.124.61
827,Tabbi,Jenkinson,tjenkinsonmy@cbc.ca,Female,2.10.68.22
828,Mickey,Ebbrell,mebbrellmz@example.com,Male,150.226.163.26
829,Hilton,Metts,hmettsn0@github.com,Male,76.247.32.226
830,Em,Dewitt,edewittn1@netvibes.com,Female,219.38.99.220
831,Bonnibelle,Chidzoy,bchidzoyn2@taobao.com,Female,54.38.156.100
832,D'arcy,Paladino,dpaladinon3@tinyurl.com,Male,12.112.39.126
833,Lishe,Vallender,lvallendern4@engadget.com,Female,129.72.237.133
834,Raviv,Kleinbaum,rkleinbaumn5@pbs.org,Male,155.92.252.205
835,Annnora,Cowe,acowen6@homestead.com,Female,
836,Tierney,O'Donovan,todonovann7@howstuffworks.com,Female,87.101.231.152
837,Fran,Marusyak,fmarusyakn8@fda.gov,Male,255.175.177.228
838,Giffy,Torrejon,gtorrejonn9@twitpic.com,Male,195.241.114.190
839,Goldy,Hucquart,ghucquartna@gravatar.com,Female,194.222.205.234
840,Bale,Mindenhall,bmindenhallnb@ucoz.ru,Male,165.142.11.92
841,Richart,Kaesmans,rkaesmansnc@addthis.com,Male,224.147.215.211
842,Mahmud,Salatino,msalatinond@aol.com,Male,
843,Oralle,Kyncl,okynclne@usda.gov,Female,
844,Evy,Croydon,ecroydonnf@bloglines.com,Female,243.83.0.117
845,Luciano,Pilsworth,lpilsworthng@jigsy.com,Male,30.155.226.174
846,Lucian,Kerrane,lkerranenh@ycombinator.com,Male,166.208.218.122
847,Rochester,Vickery,rvickeryni@hexun.com,Male,206.122.176.108
848,Brigida,Beeble,bbeeblenj@desdev.cn,Bigender,207.189.23.56
849,Hobard,Gaylord,hgaylordnk@angelfire.com,Male,184.202.93.254
850,Gualterio,Skitt,gskittnl@statcounter.com,Male,118.229.85.114
851,Rosabella,Lambertazzi,rlambertazzinm@nymag.com,Female,205.188.197.55
852,Blinnie,Pafford,bpaffordnn@soup.io,Genderfluid,233.109.103.0
853,Ross,Boag,rboagno@hao123.com,Male,90.225.187.0
854,Jeremias,Melrose,jmelrosenp@ameblo.jp,Male,200.171.11.154
855,Elliot,Marjanovic,emarjanovicnq@themeforest.net,Male,131.220.79.84
856,Frederick,Ketchell,fketchellnr@theguardian.com,Male,184.98.50.184
857,Laurent,Donet,ldonetns@epa.gov,Male,11.10.19.93
858,Anatol,Armall,aarmallnt@bloglines.com,Male,217.7.56.27
859,Ulla,Samsonsen,usamsonsennu@tinyurl.com,Female,191.193.203.86
860,Dana,Swancott,dswancottnv@fema.gov,Female,154.30.96.246
861,Camey,Beentjes,cbeentjesnw@last.fm,Male,146.5.154.16
862,Aurel,Trymme,atrymmenx@whitehouse.gov,Polygender,75.123.113.220
863,Kristos,Saiens,ksaiensny@ehow.com,Male,32.86.162.30
864,Trevor,Rumming,trummingnz@smh.com.au,Male,66.158.131.101
865,Creigh,Nathon,,Male,146.180.120.9
866,Jacques,Moan,jmoano1@naver.com,Male,166.31.230.14
867,Osmond,Checo,ochecoo2@mail.ru,Male,155.208.203.229
868,Doralynn,Heimann,dheimanno3@weibo.com,Female,54.24.191.254
869,Nikola,Etty,nettyo4@miitbeian.gov.cn,Male,57.57.158.124
870,Isidro,Wickins,iwickinso5@usa.gov,Male,238.113.240.233
871,Emmaline,Borit,eborito6@feedburner.com,Polygender,125.48.141.2
872,Nial,Wrotham,nwrothamo7@bluehost.com,Male,107.183.170.123
873,Timmie,Whetnall,,Female,21.32.86.68
874,Sela,De Giorgi,sdegiorgio9@google.cn,Female,205.117.147.108
875,Langston,Curlis,lcurlisoa@pbs.org,Male,180.238.165.182
876,Fredek,Alvy,falvyob@seattletimes.com,Male,210.229.137.186
877,Lorens,Caldaro,lcaldarooc@ucoz.ru,Male,225.207.131.76
878,Sybilla,Pender,spenderod@weibo.com,Female,122.10.163.56
879,Laryssa,Blackbourn,lblackbournoe@networksolutions.com,Female,249.113.107.124
880,Elsworth,Bottomer,ebottomerof@redcross.org,Male,106.131.227.231
881,Leonerd,Chretien,lchretienog@aol.com,Male,228.202.70.81
882,Mahalia,Midlar,mmidlaroh@hostgator.com,Genderqueer,123.214.70.204
883,Sherline,Yurinov,syurinovoi@umich.edu,Female,45.44.87.81
884,Esme,Jendricke,ejendrickeoj@4shared.com,Female,105.43.160.128
885,Benn,Roze,brozeok@facebook.com,Male,19.212.72.254
886,Deloris,Wardle,dwardleol@ifeng.com,Female,20.228.159.178
887,Tudor,Edgcombe,tedgcombeom@over-blog.com,Male,
888,Benedict,Heinke,bheinkeon@tinyurl.com,Male,122.227.71.124
889,Gates,Castelin,gcastelinoo@utexas.edu,Female,102.54.48.250
890,Jonah,Bryson,jbrysonop@jugem.jp,Male,196.218.60.15
891,Belvia,Ventura,bventuraoq@statcounter.com,Female,242.201.114.91
892,Mahmud,Willard,mwillardor@gravatar.com,Male,161.145.174.175
893,Haywood,Rookes,hrookesos@nationalgeographic.com,Male,189.237.183.20
894,Adelind,Marzelle,amarzelleot@slate.com,Female,
895,Jud,Rosendorf,jrosendorfou@dion.ne.jp,Male,128.27.240.226
896,Demott,Chamberlen,dchamberlenov@webs.com,Genderfluid,145.185.170.163
897,Esra,Kindleysides,ekindleysidesow@a8.net,Male,8.7.57.24
898,Nealon,Haslehurst,,Male,202.62.251.161
899,Mallory,Causier,mcausieroy@cloudflare.com,Male,164.221.162.5
900,Vonny,Bilsland,vbilslandoz@1688.com,Female,121.213.79.218
901,Brand,Beatty,bbeattyp0@toplist.cz,Male,216.121.45.31
902,Romona,Girdwood,rgirdwoodp1@vinaora.com,Female,228.16.28.16
903,Biddy,Teather,bteatherp2@si.edu,Genderqueer,74.50.71.233
904,Roxane,Allison,rallisonp3@nhs.uk,Female,208.190.207.226
905,Jamesy,Pallesen,jpallesenp4@archive.org,Male,
906,Jewelle,Goldring,jgoldringp5@1und1.de,Female,103.179.73.58
907,Ronnie,Farnworth,rfarnworthp6@auda.org.au,Male,233.132.34.169
908,Hunter,Partner,,Genderfluid,249.130.33.203
909,Vanna,Wewell,vwewellp8@twitter.com,Polygender,48.95.77.222
910,Caresa,Linsey,clinseyp9@oakley.com,Female,
911,Johnette,Helliwell,jhelliwellpa@google.it,Female,174.36.122.121
912,Herrick,Hazelton,hhazeltonpb@imgur.com,Male,
913,Benson,Feaster,bfeasterpc@tripadvisor.com,Male,
914,Bettine,Carlesi,bcarlesipd@woothemes.com,Female,35.206.103.26
915,Arielle,Laurenzi,alaurenzipe@behance.net,Female,144.65.28.82
916,Olivero,Peegrem,opeegrempf@imgur.com,Male,171.177.146.83
917,Marianna,Edmonstone,medmonstonepg@opera.com,Female,
918,Herve,Vasishchev,hvasishchevph@live.com,Male,
919,Giralda,Boundy,gboundypi@pagesperso-orange.fr,Female,225.95.134.158
920,Antone,Devons,adevonspj@github.io,Male,
921,Barde,Callear,bcallearpk@kickstarter.com,Polygender,
922,Sayres,Grigorian,sgrigorianpl@acquirethisname.com,Male,
923,Garv,Sidgwick,gsidgwickpm@archive.org,Male,
924,Randall,Stalley,rstalleypn@prweb.com,Male,234.188.95.73
925,Colby,Kernar,ckernarpo@shop-pro.jp,Male,16.18.72.44
926,Hyacintha,Keymer,hkeymerpp@reverbnation.com,Female,183.175.223.35
927,Maxwell,Poxson,mpoxsonpq@usnews.com,Male,128.56.19.83
928,Aili,Illston,aillstonpr@wp.com,Genderfluid,78.233.208.82
929,Yelena,Badini,ybadinips@samsung.com,Female,7.54.36.251
930,Doralin,Arp,darppt@oakley.com,Female,37.221.99.59
931,Poul,Meech,,Male,18.101.174.108
932,Horace,Bulgen,hbulgenpv@blogs.com,Male,189.100.253.95
933,Jacynth,Walworche,jwalworchepw@godaddy.com,Female,202.157.184.65
934,Wynn,Kerton,wkertonpx@irs.gov,Male,92.219.88.181
935,Sal,Yeo,syeopy@nyu.edu,Female,15.251.186.107
936,Mannie,Marley,mmarleypz@sourceforge.net,Male,93.129.199.100
937,Burty,Jirasek,bjirasekq0@biblegateway.com,Non-binary,234.235.91.189
938,Bond,Stringman,bstringmanq1@yelp.com,Genderqueer,200.228.136.123
939,Faulkner,Finlay,ffinlayq2@angelfire.com,Male,47.209.6.143
940,Orsola,Castellet,,Female,50.101.43.172
941,Brannon,Gianiello,bgianielloq4@lulu.com,Male,21.64.216.174
942,Nichol,Coche,ncocheq5@wsj.com,Female,49.166.146.50
943,Wylma,Wolford,wwolfordq6@facebook.com,Female,105.188.68.40
944,Maje,Abberley,mabberleyq7@tinyurl.com,Male,150.231.82.139
945,Vachel,Santos,vsantosq8@unblog.fr,Male,184.55.73.254
946,Ronica,Ong,rongq9@stumbleupon.com,Female,
947,Julian,Jickells,jjickellsqa@xrea.com,Male,215.195.201.181
948,Clemmy,McCurlye,cmccurlyeqb@nature.com,Female,187.28.65.104
949,Theda,Phythien,tphythienqc@icio.us,Female,19.240.242.239
950,Angelina,Decent,adecentqd@sciencedirect.com,Female,140.21.200.216
951,Scottie,D'Aubney,sdaubneyqe@goo.ne.jp,Male,231.231.111.142
952,Silvano,Whimper,swhimperqf@lulu.com,Agender,76.72.53.135
953,Barty,Hadeke,,Male,220.31.213.123
954,Micheal,Preator,mpreatorqh@4shared.com,Male,166.52.8.42
955,Royall,Emps,rempsqi@arizona.edu,Male,211.35.158.26
956,Dieter,Kaes,dkaesqj@oaic.gov.au,Male,135.164.59.96
957,Tommie,O'Grady,togradyqk@opensource.org,Female,165.31.116.191
958,Devan,Tooze,dtoozeql@merriam-webster.com,Female,16.106.80.156
959,Harbert,Armin,,Male,
960,Marshall,Sictornes,msictornesqn@craigslist.org,Male,93.39.115.226
961,Guillermo,Lomasny,glomasnyqo@shinystat.com,Non-binary,245.56.178.155
962,Caril,Rudolf,crudolfqp@dedecms.com,Female,191.85.6.76
963,Kara,Schoroder,kschoroderqq@jiathis.com,Polygender,3.123.39.174
964,Madalyn,Doull,mdoullqr@networksolutions.com,Female,174.241.68.134
965,Cloris,Woolfenden,cwoolfendenqs@washingtonpost.com,Female,
966,Maudie,Wilsee,mwilseeqt@epa.gov,Female,136.175.208.114
967,Wadsworth,Bettenson,wbettensonqu@sun.com,Male,159.194.235.2
968,Dara,Chedzoy,dchedzoyqv@nationalgeographic.com,Female,188.120.74.200
969,Graeme,Mitie,gmitieqw@symantec.com,Male,
970,Dalia,Snipe,dsnipeqx@msn.com,Female,71.37.189.179
971,Rufus,Durant,rdurantqy@clickbank.net,Male,120.16.201.217
972,Bertrand,McCadden,bmccaddenqz@slideshare.net,Male,14.147.214.157
973,Lena,Cleverley,lcleverleyr0@wsj.com,Female,135.209.53.14
974,Armand,Wemyss,awemyssr1@vimeo.com,Male,182.17.35.72
975,Peg,O'Docherty,podochertyr2@bizjournals.com,Female,57.87.12.157
976,Nerita,Broggio,nbroggior3@nymag.com,Female,126.89.64.69
977,Franciska,Plumptre,fplumptrer4@example.com,Female,234.144.193.167
978,Daffi,Coo,dcoor5@census.gov,Female,212.38.21.6
979,Arny,Beacham,,Male,91.6.106.90
980,Raychel,Cattanach,rcattanachr7@thetimes.co.uk,Polygender,169.38.180.245
981,Marley,Nestle,mnestler8@earthlink.net,Female,210.136.228.116
982,Arley,Brands,abrandsr9@fema.gov,Male,251.41.39.206
983,Cherrita,Hitchens,chitchensra@china.com.cn,Female,91.82.68.170
984,Sydel,Dales,sdalesrb@techcrunch.com,Female,178.250.24.35
985,Elane,Ghilardini,eghilardinirc@oaic.gov.au,Polygender,105.186.123.29
986,Homerus,Fogel,hfogelrd@marriott.com,Male,192.16.254.246
987,Tricia,Pridmore,tpridmorere@edublogs.org,Female,151.201.27.249
988,Phylys,Kyncl,,Female,170.138.29.218
989,Aubrey,Lages,alagesrg@usa.gov,Male,222.62.170.67
990,Jacobo,Turton,jturtonrh@thetimes.co.uk,Male,159.19.62.92
991,Agatha,Hayller,ahayllerri@newsvine.com,Female,
992,Aloin,Mocher,amocherrj@kickstarter.com,Male,138.76.133.225
993,Felipa,Cuddehay,fcuddehayrk@cafepress.com,Female,254.157.107.140
994,Natividad,Joinsey,njoinseyrl@utexas.edu,Female,142.168.184.124
995,Kalinda,Bamlet,kbamletrm@samsung.com,Female,240.16.196.151
996,Kym,Antham,kanthamrn@unicef.org,Female,138.50.208.39
997,Mitch,Glasser,mglasserro@comsenz.com,Male,4.101.187.211
998,Niko,Fairrie,nfairrierp@java.com,Male,241.78.241.116
999,Ally,Moyle,amoylerq@4shared.com,Female,96.69.154.170
1000,Bartholomeo,Letham,blethamrr@oaic.gov.au,Male,213.157.56.9
