id,first_name,last_name,email,gender,ip_address
1,Olwen,Godball,ogodball0@skyrock.com,Female,75.175.119.126
2,Shara,Brentnall,sbrentnall1@comcast.net,Bigender,89.113.235.156
3,Myrtice,Sails,msails2@hhs.gov,Agender,106.8.235.64
4,Ezekiel,Wernham,ewernham3@reddit.com,Male,106.155.60.113
5,Cooper,Winspire,,Male,133.5.122.84
6,Kristos,Ollivierre,kollivierre5@senate.gov,Male,239.198.138.102
7,Amalie,Just,ajust6@geocities.com,Female,80.6.115.45
8,Sylvan,Musslewhite,smusslewhite7@qq.com,Male,151.248.239.105
9,Rodolfo,Baird,,Male,121.125.252.79
10,Kort,Blasius,kblasius9@nydailynews.com,Male,248.234.150.173
11,Caren,Joncic,,Female,37.166.247.72
12,Milli,Grouen,mgrouenb@oracle.com,Female,229.111.7.86
13,Orelie,Kirimaa,okirimaac@tmall.com,Female,21.69.128.183
14,Barby,Moroney,bmoroneyd@usda.gov,Female,188.244.43.78
15,Edmon,Bernaldez,ebernaldeze@dot.gov,Male,165.134.55.36
16,Almeda,Shippam,ashippamf@pbs.org,Genderfluid,61.152.2.82
17,Ollie,Knowling,oknowlingg@blogtalkradio.com,Female,
18,Jackquelin,Danielot,jdanieloth@multiply.com,Female,236.51.157.191
19,Eartha,Kluge,eklugei@mapy.cz,Genderqueer,252.199.151.249
20,Florenza,Lawton,,Female,83.21.54.135
21,Brook,Stearns,bstearnsk@newyorker.com,Male,99.182.102.132
22,Alwyn,Hartus,ahartusl@independent.co.uk,Male,204.166.30.184
23,Samara,Byne,sbynem@yolasite.com,Female,206.238.98.135
24,Hasty,Brunicke,hbrunicken@storify.com,Male,151.12.211.101
25,Letitia,Brewster,lbrewstero@geocities.com,Genderfluid,79.54.228.143
26,Matthiew,Griffey,mgriffeyp@cbsnews.com,Male,163.51.84.137
27,Grayce,Speir,gspeirq@amazon.co.jp,Female,4.132.78.133
28,Raffaello,Kelledy,rkelledyr@epa.gov,Male,20.115.147.19
29,Davina,Poluzzi,,Female,238.108.161.201
30,Christoper,Greer,cgreert@furl.net,Male,23.201.201.155
31,Tyler,Instone,,Male,43.176.133.57
32,Myrta,Realff,mrealffv@newyorker.com,Female,15.197.226.4
33,Hunt,Rubbens,hrubbensw@artisteer.com,Male,157.149.236.12
34,Theodoric,Eaglesham,teagleshamx@com.com,Male,209.191.100.196
35,Nadeen,McColl,nmccolly@opera.com,Female,216.252.87.223
36,Lib,Winger,lwingerz@usatoday.com,Female,227.196.140.193
37,Abby,Wardhaw,awardhaw10@illinois.edu,Male,158.195.8.78
38,Park,Kneesha,pkneesha11@360.cn,Male,138.84.156.107
39,Nikita,Castrillo,,Male,93.187.95.213
40,Sholom,Russ,sruss13@marriott.com,Male,239.174.90.229
41,Billy,Bilby,bbilby14@tumblr.com,Male,150.207.214.17
42,Stevana,Poulden,,Female,36.170.48.20
43,Amber,Alden,aalden16@newyorker.com,Female,
44,Antone,Thying,,Male,2.34.78.162
45,Base,Cast,bcast18@bandcamp.com,Male,149.218.80.234
46,Norton,Katt,,Male,45.169.52.36
47,Maire,Manicom,mmanicom1a@howstuffworks.com,Female,
48,Mehetabel,Dotson,mdotson1b@cocolog-nifty.com,Female,216.39.3.193
49,Evania,Reynoldson,ereynoldson1c@jiathis.com,Female,152.173.31.176
50,Dickie,Hails,,Male,65.98.61.7
51,Ellerey,Bassindale,ebassindale1e@plala.or.jp,Male,
52,Cort,Hulk,chulk1f@alexa.com,Bigender,223.109.156.200
53,Ashlie,Bent,abent1g@cmu.edu,Female,105.220.205.113
54,Farley,Chimienti,fchimienti1h@usda.gov,Male,241.111.88.252
55,Margot,Binning,,Female,252.186.134.250
56,Helen,Ladell,hladell1j@fastcompany.com,Female,78.217.61.52
57,Lesli,Goozee,lgoozee1k@irs.gov,Female,22.106.190.28
58,Netty,Figgess,,Female,52.152.200.102
59,Hedy,Crumbleholme,hcrumbleholme1m@macromedia.com,Female,
60,Ilyse,Blackway,,Female,127.76.66.57
61,Trev,Delnevo,tdelnevo1o@noaa.gov,Male,206.247.169.83
62,Eloisa,Hug,ehug1p@ifeng.com,Female,61.79.12.85
63,Noel,Krauze,,Male,186.209.59.101
64,Constantin,Tiernan,,Male,
65,Zacharia,Broadberrie,zbroadberrie1s@cdc.gov,Male,0.117.101.53
66,Fergus,Ferretti,fferretti1t@google.fr,Male,27.96.247.20
67,Cirilo,Tumbridge,,Agender,71.174.80.210
68,Anatol,Lindborg,,Male,250.119.192.145
69,Flemming,Arthurs,farthurs1w@samsung.com,Male,220.0.90.221
70,Ashil,Peeter,apeeter1x@ow.ly,Female,130.87.152.156
71,Hubie,Stummeyer,hstummeyer1y@stumbleupon.com,Male,119.215.69.120
72,Ollie,Sneyd,osneyd1z@squarespace.com,Male,142.231.15.158
73,Emmeline,Androlli,eandrolli20@typepad.com,Female,125.64.131.54
74,Antonetta,Larmuth,alarmuth21@bbb.org,Female,4.117.117.124
75,Salaidh,Dyson,sdyson22@list-manage.com,Female,41.150.31.201
76,Job,McNutt,,Male,166.8.216.47
77,Andrea,Gianneschi,agianneschi24@pagesperso-orange.fr,Female,60.0.147.99
78,Irv,Deare,ideare25@phoca.cz,Male,154.236.75.78
79,Nathalia,Tadgell,ntadgell26@bluehost.com,Female,83.48.228.1
80,Rachelle,Figiovanni,rfigiovanni27@japanpost.jp,Female,149.92.9.61
81,Winny,Woolford,wwoolford28@yellowbook.com,Male,47.104.226.186
82,Krishna,Eakin,keakin29@shop-pro.jp,Male,167.100.124.115
83,Cristian,Whiley,,Male,69.172.129.108
84,Hubie,Schwand,,Male,86.152.232.161
85,Riccardo,Macklin,rmacklin2c@4shared.com,Male,76.46.147.61
86,Samuel,Cherrison,scherrison2d@xing.com,Genderfluid,40.18.65.141
87,Chaim,Petruska,,Male,177.74.193.138
88,Harmonia,Budnk,hbudnk2f@google.nl,Female,22.76.1.51
89,Daria,Antonijevic,dantonijevic2g@quantcast.com,Female,230.73.75.115
90,Yancey,Kemmons,ykemmons2h@bing.com,Male,61.246.201.222
91,Ruy,Wynn,,Male,196.229.164.95
92,Samson,Openshaw,,Male,88.149.36.166
93,Malinda,Kennford,mkennford2k@themeforest.net,Female,71.43.8.171
94,Alejandro,Whenham,awhenham2l@go.com,Male,
95,Goraud,Thinn,gthinn2m@blogs.com,Male,156.30.229.3
96,Milly,Roeby,mroeby2n@com.com,Female,175.110.77.51
97,Itch,Goodrich,,Male,223.19.222.99
98,Hans,McLaughlan,hmclaughlan2p@biblegateway.com,Male,70.79.180.16
99,Lusa,Deakan,,Female,146.40.63.238
100,Manny,Gapper,mgapper2r@ameblo.jp,Agender,234.146.157.241
101,Kiah,Gedling,kgedling2s@virginia.edu,Female,142.124.133.86
102,Raynell,Wasiela,rwasiela2t@barnesandnoble.com,Female,168.70.51.182
103,Clim,Armitt,carmitt2u@usgs.gov,Male,89.229.123.227
104,Richmound,Bassill,rbassill2v@state.tx.us,Male,199.170.187.25
105,Rory,Clows,rclows2w@yandex.ru,Female,8.144.4.51
106,Sheff,Bucky,sbucky2x@yellowbook.com,Non-binary,117.145.244.73
107,Paulie,McPaike,pmcpaike2y@businessinsider.com,Male,247.213.185.197
108,Parker,Manilove,pmanilove2z@redcross.org,Male,232.176.149.29
109,Angus,Tout,atout30@so-net.ne.jp,Male,109.32.58.126
110,Curtice,Miell,cmiell31@slideshare.net,Male,
111,Johnathan,Stanners,jstanners32@deliciousdays.com,Male,89.45.93.6
112,Raymond,Glauber,rglauber33@slate.com,Male,76.101.204.186
113,Orelia,MacCleay,,Female,158.125.145.100
114,Gae,Kivlehan,gkivlehan35@sohu.com,Female,29.180.27.21
115,Alphard,Brownlie,abrownlie36@examiner.com,Male,148.133.74.96
116,Eleanor,Axtell,eaxtell37@marketwatch.com,Female,180.49.84.53
117,Ignacio,Simakov,isimakov38@a8.net,Male,85.213.18.89
118,Curtice,Isgar,cisgar39@netvibes.com,Male,194.28.246.201
119,Arabelle,Berkowitz,aberkowitz3a@adobe.com,Female,228.126.224.158
120,Gwyneth,Czajkowska,,Female,195.60.7.29
121,Erica,Aslen,easlen3c@nasa.gov,Female,17.8.135.37
122,Eugen,Brend,,Male,20.63.179.235
123,Arch,Warnock,awarnock3e@bloomberg.com,Male,23.201.161.151
124,Cesare,Delbergue,,Male,148.189.190.48
125,Hannie,Spawell,hspawell3g@bbb.org,Non-binary,162.21.216.159
126,Keene,Boulsher,kboulsher3h@nbcnews.com,Male,179.34.84.119
127,Sarge,Haggas,shaggas3i@noaa.gov,Male,129.161.159.151
128,Sonya,Thieme,sthieme3j@vkontakte.ru,Female,240.182.17.146
129,Janela,Doran,,Female,127.10.132.94
130,Yorgo,Mose,ymose3l@quantcast.com,Male,217.117.102.81
131,Derek,Farraway,dfarraway3m@themeforest.net,Male,128.67.124.56
132,Katti,MacKain,kmackain3n@de.vu,Female,179.4.163.202
133,Arly,Spiring,,Female,10.222.137.247
134,Clemmy,Kilbourn,ckilbourn3p@archive.org,Female,
135,Caesar,Rucklesse,crucklesse3q@hostgator.com,Male,223.156.39.152
136,Heall,Tinkler,htinkler3r@slashdot.org,Male,168.39.67.83
137,Colette,Sandever,csandever3s@who.int,Female,24.144.33.152
138,Patty,Ludgate,pludgate3t@dailymail.co.uk,Female,214.177.215.171
139,Darice,Ovenell,dovenell3u@state.gov,Female,58.27.27.242
140,Emelen,Kembley,ekembley3v@amazon.co.uk,Male,
141,Bettina,Rivallant,brivallant3w@drupal.org,Female,207.24.226.19
142,Hanny,Crame,hcrame3x@miitbeian.gov.cn,Female,41.100.32.116
143,Erek,Bricham,ebricham3y@state.tx.us,Non-binary,208.162.23.153
144,Federico,Conisbee,fconisbee3z@multiply.com,Male,247.96.169.152
145,Elfrida,Pingstone,epingstone40@google.fr,Agender,122.151.36.231
146,Jonah,de Clerc,,Male,147.17.106.115
147,Aldus,Lamartine,alamartine42@deviantart.com,Male,15.60.9.247
148,Guido,Snartt,gsnartt43@cargocollective.com,Male,17.87.55.29
149,Tiffie,Aldcorne,taldcorne44@wufoo.com,Agender,242.148.213.185
150,Woodie,Chettoe,wchettoe45@tinyurl.com,Male,183.174.171.222
151,Tierney,Boddy,tboddy46@wired.com,Female,198.239.121.167
152,Elias,Duell,eduell47@facebook.com,Male,254.162.80.222
153,Joannes,Ambrozik,,Female,222.7.193.101
154,Winfred,Simoneschi,wsimoneschi49@github.io,Male,100.175.202.146
155,Griffin,Brockton,,Male,17.211.153.177
156,Chancey,Shorthouse,cshorthouse4b@ning.com,Male,182.10.84.174
157,Akim,Rammell,,Male,201.175.172.217
158,Sydney,Bigadike,sbigadike4d@mail.ru,Female,7.28.103.1
159,Irv,Fielding,ifielding4e@wisc.edu,Male,17.239.37.92
160,Cameron,Rousby,,Male,76.58.200.121
161,Lorine,Jager,ljager4g@histats.com,Female,128.217.160.22
162,Gabriell,Mallinder,gmallinder4h@redcross.org,Female,201.199.69.145
163,Arte,Mathevon,,Male,104.101.89.24
164,Ariel,Goldberg,agoldberg4j@lycos.com,Male,142.162.154.130
165,Brandy,Richardt,brichardt4k@linkedin.com,Male,222.226.113.128
166,Emmalynn,Nazer,,Female,70.75.64.165
167,Adelaide,Trout,atrout4m@jugem.jp,Female,151.199.237.60
168,Maxwell,Abrahamowitcz,,Male,136.254.46.215
169,Lizabeth,Durning,ldurning4o@e-recht24.de,Female,225.141.222.78
170,Mariellen,Crepel,mcrepel4p@amazon.de,Female,193.167.253.244
171,Maximo,Biesterfeld,,Male,112.195.195.226
172,Leigh,Seakin,,Female,27.120.134.50
173,Sydel,Faussett,sfaussett4s@odnoklassniki.ru,Female,42.40.154.227
174,Muffin,Abilowitz,mabilowitz4t@booking.com,Female,32.19.218.114
175,Aldwin,Serjeantson,aserjeantson4u@biblegateway.com,Male,29.27.252.29
176,Nanny,Laise,nlaise4v@europa.eu,Female,31.206.159.77
177,Jorgan,Brazil,jbrazil4w@dot.gov,Male,175.45.59.125
178,Towney,Messager,tmessager4x@taobao.com,Male,209.95.61.234
179,Charlean,Bradder,cbradder4y@squarespace.com,Bigender,4.196.121.37
180,Gwendolen,Rizzetti,grizzetti4z@geocities.com,Female,
181,Andrus,Derobert,,Male,79.145.195.220
182,Petronella,Attarge,pattarge51@yellowpages.com,Agender,188.216.100.46
183,Norma,Rudall,nrudall52@bbb.org,Female,140.86.252.129
184,Colleen,De la Yglesia,cdelayglesia53@redcross.org,Polygender,188.150.174.25
185,Layla,Walentynowicz,,Female,7.161.181.135
186,Kathryn,McKennan,kmckennan55@fema.gov,Female,31.161.185.237
187,Durant,Fratczak,,Genderfluid,31.14.211.114
188,Sonny,Forre,,Male,163.8.233.228
189,Toni,Beentjes,tbeentjes58@fc2.com,Female,
190,Gail,Lawrance,glawrance59@alibaba.com,Male,
191,Tobit,Richardet,trichardet5a@ezinearticles.com,Male,232.250.219.157
192,Harvey,Spurret,,Male,
193,Larry,Hembery,lhembery5c@histats.com,Male,7.164.89.252
194,Nessi,Gierth,,Female,
195,El,Spurdle,,Polygender,194.57.194.6
196,Waylan,Westrope,wwestrope5f@house.gov,Male,89.26.175.150
197,Lambert,Chavez,lchavez5g@addthis.com,Male,2.188.158.133
198,Charmine,Mort,cmort5h@meetup.com,Female,173.185.230.194
199,Zena,Dragonette,zdragonette5i@noaa.gov,Female,149.249.21.50
200,Augustine,Boerderman,aboerderman5j@sogou.com,Male,104.156.159.163
201,Zaneta,Middiff,zmiddiff5k@columbia.edu,Female,54.208.154.46
202,Dal,Tench,,Male,157.209.241.159
203,Janna,Foulcher,jfoulcher5m@1und1.de,Female,
204,Natal,Blinman,nblinman5n@eventbrite.com,Male,199.163.242.117
205,Eleni,Vondruska,,Female,104.144.243.30
206,Elli,Scurr,escurr5p@amazon.co.uk,Female,150.64.180.229
207,Valentia,Edworthy,vedworthy5q@usatoday.com,Female,205.217.32.131
208,Nikolia,Swinbourne,nswinbourne5r@huffingtonpost.com,Female,109.114.92.32
209,Eb,Mateu,emateu5s@goo.ne.jp,Male,171.29.112.104
210,Bobinette,Pearton,bpearton5t@ameblo.jp,Female,75.172.42.112
211,Amye,Clowsley,aclowsley5u@reuters.com,Female,235.64.73.238
212,Fowler,Fishly,ffishly5v@issuu.com,Male,226.240.137.140
213,Romonda,Bredbury,rbredbury5w@soundcloud.com,Female,64.192.171.69
214,Otho,Nagle,onagle5x@github.com,Male,1.41.98.128
215,Allyn,Pratton,,Male,67.225.133.110
216,Dotty,Augur,daugur5z@oakley.com,Female,135.197.84.48
217,Cristine,Sarl,,Female,110.214.196.58
218,Kora,Dye,kdye61@sciencedirect.com,Female,155.177.132.1
219,Sam,Erridge,serridge62@princeton.edu,Male,110.105.36.173
220,Renate,Sodor,rsodor63@aboutads.info,Female,111.34.94.37
221,Trixie,MacLaren,tmaclaren64@friendfeed.com,Female,6.240.65.249
222,Noland,Rymer,nrymer65@deliciousdays.com,Male,84.12.243.222
223,Lezlie,Goodwell,lgoodwell66@etsy.com,Agender,20.87.225.223
224,Ebeneser,Fewless,efewless67@is.gd,Male,17.3.234.238
225,Pansie,Brannan,pbrannan68@theguardian.com,Non-binary,133.78.61.157
226,Niles,Carlino,,Male,250.147.102.175
227,Reider,Greenmon,rgreenmon6a@nymag.com,Male,133.139.233.81
228,Robena,Spincks,,Agender,73.77.33.87
229,Wes,Rafter,,Male,190.151.165.78
230,Kathi,Temperley,ktemperley6d@moonfruit.com,Female,32.207.60.1
231,Lovell,Boydell,lboydell6e@google.it,Male,117.239.15.241
232,Mel,Kitlee,mkitlee6f@nhs.uk,Male,78.123.254.130
233,Edan,Callinan,,Male,240.20.180.33
234,Free,Henderson,fhenderson6h@storify.com,Male,42.80.251.106
235,Benedikt,Dilley,bdilley6i@ehow.com,Male,172.35.145.57
236,Wallis,McKevin,wmckevin6j@themeforest.net,Male,245.192.193.106
237,Merrielle,Broscombe,mbroscombe6k@angelfire.com,Female,206.8.84.209
238,Gaultiero,Kitson,gkitson6l@goo.gl,Bigender,77.207.94.164
239,Cale,Espin,cespin6m@dell.com,Male,112.112.130.154
240,Sonia,Andrassy,sandrassy6n@networksolutions.com,Female,27.175.104.7
241,Kiersten,Slemming,,Female,214.83.22.182
242,Elvis,Kemble,,Male,107.45.133.76
243,Rodrique,Djorevic,rdjorevic6q@cpanel.net,Male,94.177.108.94
244,Latrina,Tuddenham,ltuddenham6r@stumbleupon.com,Female,229.216.242.144
245,Alleen,Bisiker,abisiker6s@bandcamp.com,Genderfluid,120.189.131.88
246,Thacher,Airton,tairton6t@buzzfeed.com,Male,111.133.32.38
247,Marco,Mosson,mmosson6u@webs.com,Male,36.172.186.221
248,Shaine,McGown,,Male,175.56.21.236
249,Liane,Swane,lswane6w@virginia.edu,Female,80.31.3.98
250,Riccardo,Corzon,rcorzon6x@narod.ru,Male,216.162.30.77
251,Perry,Shemmin,pshemmin6y@hugedomains.com,Female,146.211.51.116
252,Cristin,Dri,,Female,4.118.55.61
253,Tess,Etuck,,Female,177.90.118.120
254,Brenda,Kiddell,,Female,94.150.3.66
255,Gino,Hendriks,,Male,147.151.116.28
256,Jayson,Emmatt,jemmatt73@harvard.edu,Male,101.230.218.232
257,Nobe,Bardnam,nbardnam74@nyu.edu,Male,240.131.18.165
258,Ketty,Plumridege,kplumridege75@timesonline.co.uk,Female,63.174.4.129
259,Truman,Whitnall,twhitnall76@archive.org,Male,
260,Giselle,Reef,greef77@webeden.co.uk,Female,127.39.120.107
261,Nerte,Bartolini,nbartolini78@1688.com,Female,58.39.178.110
262,Emmet,Simmell,esimmell79@gizmodo.com,Genderfluid,216.222.56.76
263,Ramona,Darnell,rdarnell7a@unblog.fr,Female,116.93.219.68
264,Cosette,Brandsen,cbrandsen7b@army.mil,Female,82.171.10.151
265,Breanne,Ripon,bripon7c@themeforest.net,Female,177.252.23.146
266,Edmund,Patriskson,epatriskson7d@smh.com.au,Male,44.15.109.27
267,Janella,Hyndes,,Female,178.60.86.34
268,Emanuele,Dorkins,edorkins7f@theglobeandmail.com,Male,229.77.211.50
269,Ignace,Stobie,istobie7g@dell.com,Non-binary,100.11.168.195
270,Ottilie,Mindenhall,omindenhall7h@i2i.jp,Female,136.143.30.93
271,Katharina,Rawll,krawll7i@cocolog-nifty.com,Female,174.246.147.179
272,Heidie,Baldazzi,hbaldazzi7j@jiathis.com,Female,186.176.190.242
273,Kate,Legh,klegh7k@jiathis.com,Female,239.118.194.22
274,Garrik,Jasper,gjasper7l@usatoday.com,Male,119.211.237.87
275,Nat,Hubery,nhubery7m@usda.gov,Male,136.8.76.210
276,Willi,Gussie,wgussie7n@t-online.de,Male,
277,Joella,Barefoot,jbarefoot7o@virginia.edu,Female,
278,Brice,Godbert,,Male,
279,Sharron,Ismirnioglou,sismirnioglou7q@weather.com,Female,162.99.189.10
280,Marchall,Tiller,mtiller7r@mit.edu,Male,238.9.48.38
281,Whitaker,McAlarney,wmcalarney7s@nydailynews.com,Bigender,177.29.126.89
282,Thadeus,Hayes,thayes7t@youku.com,Male,169.72.155.60
283,Laverne,Kitlee,,Female,105.216.15.26
284,Tibold,Aucott,taucott7v@sciencedirect.com,Male,174.115.36.97
285,Elfrida,Kincey,,Female,99.83.34.245
286,Zared,Gadie,,Bigender,
287,Hildagard,Petricek,hpetricek7y@elpais.com,Female,189.162.53.138
288,Georgianne,Thurlbourne,gthurlbourne7z@virginia.edu,Female,192.180.209.48
289,Jessy,Darnell,,Non-binary,208.224.41.36
290,Mickey,Stucksbury,mstucksbury81@ocn.ne.jp,Male,101.43.54.15
291,Erhard,Dionisetti,,Male,245.191.105.254
292,Evelyn,Giottini,egiottini83@desdev.cn,Female,44.163.251.189
293,Robinson,Reuble,rreuble84@mysql.com,Male,36.134.149.223
294,Steve,Grastye,sgrastye85@reference.com,Male,143.69.233.190
295,Mildrid,Wenderott,mwenderott86@ask.com,Female,219.28.99.19
296,Boniface,De Angelis,bdeangelis87@blogger.com,Male,27.219.212.190
297,Mickey,Exeter,mexeter88@1688.com,Male,133.92.5.118
298,Lauraine,Kagan,lkagan89@dailymail.co.uk,Female,231.83.49.44
299,Ad,Titt,atitt8a@techcrunch.com,Male,59.187.102.15
300,Sergio,Cornner,scornner8b@wikimedia.org,Male,
301,Matty,Goatman,mgoatman8c@indiegogo.com,Female,67.191.150.117
302,Felicle,Brok,fbrok8d@accuweather.com,Female,151.251.173.114
303,Valene,Langan,vlangan8e@tiny.cc,Female,221.187.5.193
304,Fons,Moriarty,fmoriarty8f@adobe.com,Male,203.43.233.37
305,Sherrie,MacConchie,smacconchie8g@blog.com,Genderqueer,170.56.179.66
306,Bertie,Llopis,,Female,182.183.19.67
307,Arleta,Docket,adocket8i@t.co,Female,21.13.218.108
308,Micaela,Olennikov,molennikov8j@goo.ne.jp,Female,123.191.91.94
309,Gradeigh,Bowcher,,Male,233.75.249.202
310,Magdalene,Brantzen,,Female,208.53.229.48
311,Domini,Lufkin,dlufkin8m@apple.com,Female,248.137.42.96
312,Eadie,McIlwain,emcilwain8n@senate.gov,Female,195.241.199.169
313,Nappie,Alldre,nalldre8o@java.com,Bigender,38.17.60.66
314,Vito,Ribou,vribou8p@abc.net.au,Male,108.207.72.255
315,Eadie,Brazel,ebrazel8q@biglobe.ne.jp,Female,117.4.235.77
316,Cyndie,Kaas,,Agender,
317,Zelig,Wheelwright,zwheelwright8s@shop-pro.jp,Male,240.234.190.119
318,Brewster,Sidary,,Male,123.143.75.252
319,Corabella,Gilvary,,Female,120.3.129.209
320,Giff,Joan,gjoan8v@discuz.net,Non-binary,6.76.217.64
321,Erminie,Cordery,,Female,82.158.14.59
322,Leonora,Parrin,lparrin8x@nhs.uk,Female,104.204.240.28
323,Lauralee,Duker,lduker8y@mac.com,Female,31.175.172.194
324,Ellyn,Headan,eheadan8z@unc.edu,Female,108.44.29.67
325,Chlo,McFarlan,cmcfarlan90@paypal.com,Female,66.213.164.234
326,Lewiss,Sinney,lsinney91@tinypic.com,Male,91.104.244.110
327,Cheri,Overill,coverill92@washington.edu,Female,207.202.90.218
328,Tracie,Eales,teales93@tiny.cc,Female,190.96.99.124
329,Vincenz,Deller,vdeller94@go.com,Male,245.72.157.240
330,Wilmette,Gavin,wgavin95@gov.uk,Female,44.242.190.163
331,Daniele,Mansuer,,Female,182.83.140.195
332,Corrianne,Wollen,cwollen97@google.nl,Agender,102.42.206.170
333,Chadwick,Hadigate,chadigate98@europa.eu,Male,131.58.17.236
334,Carver,Welden,,Male,12.157.133.213
335,Mari,Shilvock,mshilvock9a@g.co,Female,
336,Marysa,Organer,morganer9b@lulu.com,Female,147.213.185.163
337,Hiram,Balling,hballing9c@ning.com,Male,32.46.180.241
338,Kittie,Canton,kcanton9d@berkeley.edu,Female,234.0.139.229
339,Bethena,Gooding,bgooding9e@java.com,Female,252.76.84.138
340,Boniface,Librey,blibrey9f@baidu.com,Male,84.230.206.237
341,Dela,Chesworth,dchesworth9g@behance.net,Female,60.110.210.236
342,Jackie,Crebbin,jcrebbin9h@biglobe.ne.jp,Female,203.162.71.170
343,Godart,Stubbs,gstubbs9i@exblog.jp,Agender,71.81.94.139
344,Georgi,Cormode,gcormode9j@yale.edu,Male,90.96.226.19
345,Bobette,Douthwaite,,Female,31.140.47.241
346,Belicia,Marcussen,bmarcussen9l@msu.edu,Genderqueer,42.237.155.161
347,Nikolai,Stilgoe,,Male,204.95.243.131
348,Letty,Garmons,lgarmons9n@merriam-webster.com,Female,211.187.122.73
349,Thain,Binion,tbinion9o@census.gov,Male,231.72.105.81
350,Avrom,Hunn,,Male,195.80.97.136
351,Kathryn,Gregson,kgregson9q@toplist.cz,Female,160.31.255.236
352,Zsazsa,Pauletto,zpauletto9r@trellian.com,Female,131.33.36.23
353,Elliott,Sangwin,,Male,35.104.136.223
354,Twila,Hylden,,Female,219.193.253.69
355,Conroy,Bushen,cbushen9u@ezinearticles.com,Male,10.119.225.101
356,Giacobo,Snoday,gsnoday9v@mayoclinic.com,Male,3.145.39.143
357,Chucho,Heinonen,,Male,204.114.230.30
358,Anya,Nowak,,Female,18.68.81.123
359,Kamillah,Melling,kmelling9y@marriott.com,Female,104.174.29.106
360,Woodman,Rumbelow,wrumbelow9z@bloomberg.com,Male,32.201.156.171
361,Cornelius,Marikhin,cmarikhina0@tinypic.com,Male,154.228.182.46
362,Carma,Vardon,cvardona1@elegantthemes.com,Female,115.137.159.145
363,Wallache,Gayle,wgaylea2@com.com,Male,244.87.30.16
364,Bessy,Kendell,bkendella3@wikimedia.org,Female,163.86.235.251
365,Julianna,Pidler,jpidlera4@mtv.com,Female,84.17.72.68
366,Mylo,McKeighen,mmckeighena5@hud.gov,Male,182.246.211.208
367,Clarey,Simonin,csimonina6@histats.com,Female,78.72.184.138
368,Hillary,Ismead,hismeada7@squarespace.com,Genderqueer,112.149.55.194
369,Connie,Vokins,cvokinsa8@blogtalkradio.com,Female,
370,Samuel,Heistermann,sheistermanna9@discovery.com,Male,192.237.180.249
371,Blondelle,Pym,bpymaa@spotify.com,Female,127.185.42.40
372,Tyrus,Matysiak,tmatysiakab@mapy.cz,Male,255.113.188.253
373,Chev,Pead,cpeadac@ameblo.jp,Male,244.143.15.148
374,Leda,Priestnall,lpriestnallad@blogger.com,Female,231.151.157.246
375,Joane,Drennan,jdrennanae@harvard.edu,Female,241.6.197.138
376,Tiffanie,Ivantsov,tivantsovaf@nba.com,Female,81.198.37.64
377,Linzy,Till,ltillag@amazonaws.com,Female,68.161.92.29
378,Loreen,Fanti,lfantiah@joomla.org,Female,52.31.255.137
379,Flynn,Kliment,,Male,208.210.126.143
380,Valera,Beslier,,Female,141.22.160.210
381,Charin,Keeling,ckeelingak@homestead.com,Female,155.88.9.57
382,Ignatius,Curuclis,icuruclisal@nymag.com,Male,78.122.193.161
383,Teressa,Dowse,tdowseam@howstuffworks.com,Bigender,124.18.20.13
384,Skell,Blaszczak,,Male,195.252.47.140
385,Modestia,Scatcher,mscatcherao@vk.com,Female,23.244.157.107
386,Simonette,Father,sfatherap@w3.org,Female,31.34.200.103
387,Rebecca,Ganforthe,rganfortheaq@wordpress.com,Female,238.10.254.210
388,Alvan,Spellissy,aspellissyar@cbc.ca,Male,20.90.2.67
389,Amitie,Botten,,Female,197.125.70.237
390,Carolynn,Nind,cnindat@spotify.com,Female,82.237.92.141
391,Sondra,Itzkovitch,sitzkovitchau@netlog.com,Female,102.163.179.240
392,Robbie,De Lisle,rdelisleav@furl.net,Male,105.178.211.97
393,Lizette,Crook,lcrookaw@sbwire.com,Female,207.159.221.32
394,Berty,Skelbeck,bskelbeckax@photobucket.com,Male,155.73.179.221
395,Lucine,Roger,lrogeray@dedecms.com,Female,210.21.37.122
396,Gleda,Well,gwellaz@noaa.gov,Female,
397,Corbie,Boyde,cboydeb0@vkontakte.ru,Male,202.239.221.17
398,Mommy,Jonin,mjoninb1@barnesandnoble.com,Female,14.188.20.224
399,Standford,Lettington,slettingtonb2@bluehost.com,Male,57.75.51.85
400,Georgy,Ambrozewicz,gambrozewiczb3@census.gov,Male,196.108.145.120
401,Kessiah,Feaver,kfeaverb4@seattletimes.com,Female,
402,Leon,Crewe,lcreweb5@elegantthemes.com,Male,175.138.182.39
403,Renelle,Dalglish,rdalglishb6@geocities.jp,Female,61.33.244.40
404,Gardie,Cradock,gcradockb7@hubpages.com,Male,167.6.81.64
405,Egan,Aldcorn,,Male,67.191.126.92
406,Farah,Gowar,,Female,116.144.19.113
407,Ole,Rutledge,orutledgeba@hud.gov,Non-binary,68.241.238.187
408,Cobb,Fishbourn,cfishbournbb@npr.org,Male,125.191.26.253
409,Bengt,Dutch,bdutchbc@soundcloud.com,Male,245.158.128.69
410,Tad,Suthworth,tsuthworthbd@imgur.com,Male,
411,Aleen,Saffen,asaffenbe@answers.com,Female,103.152.42.208
412,Thurston,Yanin,tyaninbf@behance.net,Male,50.104.119.38
413,Tris,Briscow,,Male,133.158.221.142
414,Jory,Duckering,jduckeringbh@ted.com,Male,228.65.29.3
415,Aland,Kira,akirabi@craigslist.org,Male,
416,Francois,Dunseith,,Male,33.128.181.203
417,Ario,Pacher,,Male,81.21.224.27
418,Mariellen,Jirieck,mjirieckbl@xinhuanet.com,Female,219.169.29.239
419,Erie,Moneypenny,emoneypennybm@shareasale.com,Male,198.241.225.154
420,Norman,Erratt,nerrattbn@phoca.cz,Male,145.234.218.80
421,Jo,Marchant,,Male,171.83.68.27
422,Collete,Diglin,cdiglinbp@goodreads.com,Female,221.147.253.151
423,Marten,Tear,mtearbq@nbcnews.com,Male,231.130.94.78
424,Lydon,Catherine,lcatherinebr@webnode.com,Male,93.166.31.73
425,Toinette,Silver,tsilverbs@cbc.ca,Female,123.64.223.245
426,Faye,Santorini,fsantorinibt@youtube.com,Female,78.110.102.136
427,Katerina,Vern,,Female,113.158.250.90
428,Brook,Antonacci,bantonaccibv@hhs.gov,Male,70.64.80.114
429,Helene,Catcherside,hcatchersidebw@behance.net,Female,124.156.95.195
430,Holly-anne,Strowan,hstrowanbx@ihg.com,Female,52.144.76.245
431,Tamar,Tincey,ttinceyby@irs.gov,Non-binary,44.187.249.173
432,Rhona,Klaus,rklausbz@rediff.com,Female,
433,Dallas,Burford,,Male,224.13.75.11
434,Millicent,Warlock,mwarlockc1@symantec.com,Female,
435,Waly,Bolle,wbollec2@geocities.jp,Female,213.29.16.127
436,Alano,Haddrill,ahaddrillc3@acquirethisname.com,Male,1.133.78.50
437,Genni,Mustoe,gmustoec4@shutterfly.com,Female,237.137.115.220
438,Rasla,Morsey,rmorseyc5@unc.edu,Female,62.48.197.31
439,Kennith,O'Clery,kocleryc6@wikipedia.org,Male,98.5.117.105
440,Aube,Sirmon,,Male,54.159.216.238
441,Symon,Surby,ssurbyc8@icio.us,Male,59.3.252.243
442,Dionis,Ollivierre,,Polygender,61.46.144.38
443,Friedrick,Stanett,fstanettca@slashdot.org,Male,45.113.170.251
444,Darlene,Sukbhans,,Female,144.159.158.189
445,Tab,Bedo,tbedocc@microsoft.com,Male,81.21.125.49
446,Frans,Kynastone,fkynastonecd@newyorker.com,Male,78.111.139.129
447,Elaine,Pickle,,Female,233.189.19.117
448,Normy,Exall,nexallcf@studiopress.com,Male,31.69.110.255
449,Britte,Crosetti,bcrosetticg@g.co,Female,236.25.224.231
450,Tommie,Mahady,tmahadych@paypal.com,Male,0.53.179.11
451,Stacee,Abeles,,Male,184.22.213.72
452,Shayna,Housego,shousegocj@linkedin.com,Female,16.66.255.76
453,Farrel,Halleybone,fhalleyboneck@accuweather.com,Male,112.215.235.109
454,Kristoffer,Glassford,kglassfordcl@blogger.com,Male,218.157.76.135
455,Wallie,McTrustey,,Non-binary,20.213.159.193
456,Lew,Coopey,,Male,178.96.97.174
457,Hugues,Leyland,hleylandco@earthlink.net,Male,147.211.153.60
458,Edin,Gue,eguecp@t.co,Female,108.41.27.248
459,Esta,Hadenton,,Bigender,86.229.191.146
460,Tiler,McGaw,tmcgawcr@hostgator.com,Male,210.44.91.166
461,Bealle,Tamblingson,,Male,181.230.36.135
462,Harcourt,Paiton,hpaitonct@vkontakte.ru,Male,218.95.93.227
463,Lesya,Tott,,Female,175.7.156.132
464,Benjamen,Evins,,Male,45.16.10.215
465,Tamarra,Galle,tgallecw@ezinearticles.com,Female,
466,Aila,Sirmon,asirmoncx@hhs.gov,Female,67.251.31.79
467,Siana,McKea,smckeacy@godaddy.com,Female,83.32.254.212
468,Pail,McKeran,pmckerancz@go.com,Male,185.7.39.168
469,Rebekah,Domleo,rdomleod0@cyberchimps.com,Female,77.4.121.13
470,Annamarie,Gilluley,agilluleyd1@last.fm,Agender,229.159.82.154
471,Pru,Tregea,ptregead2@exblog.jp,Female,221.100.165.208
472,Viv,Eddis,veddisd3@ehow.com,Female,99.57.111.110
473,Silas,Cranstone,scranstoned4@pbs.org,Male,56.186.42.146
474,Otho,Charrette,ocharretted5@livejournal.com,Male,31.114.204.60
475,Melvin,Tailby,mtailbyd6@springer.com,Male,225.166.253.25
476,Sabrina,Catherall,scatheralld7@economist.com,Polygender,220.53.168.197
477,Sheree,Kainz,skainzd8@rediff.com,Female,169.112.218.255
478,Heywood,Hansley,hhansleyd9@linkedin.com,Male,254.41.243.24
479,Catherina,Dreigher,cdreigherda@yolasite.com,Female,49.148.132.241
480,Zeke,Jorez,zjorezdb@forbes.com,Male,179.140.65.207
481,Karlotta,Redmond,kredmonddc@bluehost.com,Female,
482,Justinian,Durrance,jdurrancedd@mayoclinic.com,Male,170.21.92.68
483,Max,Delong,mdelongde@1und1.de,Genderfluid,128.172.211.101
484,Pattie,de la Valette Parisot,pdelavaletteparisotdf@hostgator.com,Male,58.156.143.26
485,Beret,Carnaman,bcarnamandg@ehow.com,Female,48.95.82.29
486,Isac,Bampford,ibampforddh@businesswire.com,Male,241.131.222.200
487,Townsend,Franscioni,tfranscionidi@google.co.uk,Male,241.200.154.89
488,Norina,Bough,nboughdj@wiley.com,Female,63.125.135.79
489,Doralin,Murrum,dmurrumdk@europa.eu,Female,250.129.59.96
490,Zorana,Stanier,zstanierdl@istockphoto.com,Female,131.129.49.91
491,Jehanna,Strongman,jstrongmandm@un.org,Female,31.9.131.22
492,Gustie,Leyshon,gleyshondn@usda.gov,Female,227.202.251.198
493,Karlene,McGrail,kmcgraildo@i2i.jp,Female,129.200.6.25
494,Kean,Mankor,kmankordp@pinterest.com,Male,108.237.24.201
495,Jessey,Wooldridge,jwooldridgedq@yelp.com,Male,75.176.206.82
496,Early,Dallinder,edallinderdr@eepurl.com,Male,
497,Leon,Seymer,lseymerds@dailymotion.com,Male,45.120.105.238
498,Shana,Dacombe,sdacombedt@github.io,Female,223.100.247.155
499,Linnie,Gallehawk,lgallehawkdu@gmpg.org,Female,14.199.190.236
500,Colet,Trail,ctraildv@vk.com,Male,
501,Meggy,Mullineux,mmullineuxdw@nifty.com,Female,60.55.102.105
502,Phineas,Loosely,plooselydx@youtu.be,Male,130.198.122.14
503,Antonina,Esilmon,aesilmondy@ca.gov,Female,211.121.236.44
504,Torre,Sugars,tsugarsdz@artisteer.com,Male,70.95.189.123
505,Maje,McPhate,mmcphatee0@flickr.com,Male,123.93.196.133
506,Tabbi,Kline,tklinee1@samsung.com,Female,11.63.227.142
507,Malissa,Klambt,,Female,94.70.31.167
508,Yuri,Housley,yhousleye3@salon.com,Male,132.134.90.28
509,Drusi,Durant,,Polygender,242.242.242.180
510,Barbabra,Huddles,bhuddlese5@sakura.ne.jp,Female,155.96.233.102
511,Kessia,Swatland,kswatlande6@wp.com,Female,238.170.63.120
512,Danna,Beadles,dbeadlese7@naver.com,Female,159.218.151.56
513,Jammie,Sutherns,jsuthernse8@nsw.gov.au,Bigender,116.212.248.214
514,Yvor,Trase,ytrasee9@purevolume.com,Male,
515,Nicolle,Bengle,nbengleea@uiuc.edu,Female,34.212.250.30
516,Kory,Karet,kkareteb@dedecms.com,Male,62.255.78.171
517,Lenette,Lates,,Female,205.101.88.66
518,Kippar,Ronnay,kronnayed@sitemeter.com,Male,
519,Miller,Gazey,mgazeyee@un.org,Non-binary,27.255.164.120
520,Werner,Nudds,,Male,208.20.217.99
521,Harmonia,Waiting,hwaitingeg@pen.io,Female,222.32.104.41
522,Orelee,Drable,odrableeh@oakley.com,Female,41.119.232.142
523,Eduardo,Paeckmeyer,epaeckmeyerei@msu.edu,Male,89.184.91.171
524,Barnabe,Montrose,bmontroseej@bluehost.com,Male,
525,Gus,Brent,gbrentek@jiathis.com,Male,199.59.248.73
526,Morgen,Heaslip,mheaslipel@sitemeter.com,Male,95.48.96.214
527,Demetri,Sutliff,dsutliffem@amazon.de,Male,8.145.58.45
528,Homer,Rebbeck,hrebbecken@ning.com,Male,50.125.238.77
529,Christy,Kanter,ckantereo@addthis.com,Male,79.58.167.192
530,Adelbert,Brocklehurst,abrocklehurstep@joomla.org,Male,143.51.45.197
531,Daron,Joule,,Female,69.82.239.70
532,Rhiamon,Mowson,rmowsoner@cpanel.net,Female,201.178.194.175
533,Marybeth,Beagley,,Female,56.162.45.93
534,Giraud,Gossan,ggossanet@parallels.com,Male,179.99.38.11
535,Sargent,Arran,sarraneu@smh.com.au,Male,211.222.165.175
536,Duke,Bishop,dbishopev@posterous.com,Male,209.255.215.5
537,Mathew,King,mkingew@networkadvertising.org,Male,208.110.82.207
538,Welby,Mucillo,,Male,179.7.104.51
539,Gabe,Knutton,gknuttoney@google.de,Male,65.191.62.51
540,Gustave,Walasik,gwalasikez@over-blog.com,Male,7.247.43.250
541,Saunders,Brenton,sbrentonf0@disqus.com,Male,12.157.68.83
542,Mikel,Rearie,mrearief1@hp.com,Polygender,169.3.248.12
543,Kiley,Veque,kvequef2@instagram.com,Female,8.168.159.254
544,Trent,Brookfield,tbrookfieldf3@ning.com,Male,102.166.171.43
545,Reinald,Ponten,rpontenf4@cpanel.net,Male,167.155.174.185
546,Jasmina,Barczewski,jbarczewskif5@nbcnews.com,Female,122.175.168.51
547,Korney,Lumpkin,klumpkinf6@bizjournals.com,Female,188.220.56.224
548,Alexis,Tompkinson,,Male,144.182.127.70
549,Abdul,Dumbar,adumbarf8@paypal.com,Male,225.164.235.251
550,Rossie,Parlour,rparlourf9@joomla.org,Male,130.6.223.244
551,Oralie,Zimek,ozimekfa@theguardian.com,Female,5.125.160.142
552,Dominica,Colomb,dcolombfb@usda.gov,Genderqueer,237.150.227.190
553,Chick,Dank,cdankfc@exblog.jp,Male,81.90.117.176
554,Dwight,Warbeys,dwarbeysfd@so-net.ne.jp,Male,38.108.191.104
555,Krisha,Shepheard,kshepheardfe@sphinn.com,Male,24.115.184.119
556,Malynda,Brient,,Non-binary,
557,Anstice,Bourne,abournefg@w3.org,Female,5.175.250.6
558,Tedd,Mathis,tmathisfh@webeden.co.uk,Male,107.152.141.247
559,Alejoa,Pauli,apaulifi@woothemes.com,Male,173.3.101.118
560,Glendon,Prine,gprinefj@army.mil,Male,45.221.66.61
561,Seth,Lowin,slowinfk@odnoklassniki.ru,Male,159.228.66.152
562,Dulcine,Slevin,dslevinfl@nba.com,Female,228.108.81.70
563,Timoteo,Cona,,Male,187.143.244.141
564,Pennie,Matley,pmatleyfn@dagondesign.com,Male,135.28.48.47
565,Dee dee,Scarffe,dscarffefo@archive.org,Female,148.169.87.253
566,Spenser,Youthed,,Male,167.22.218.49
567,Michaella,Lob,mlobfq@whitehouse.gov,Female,55.90.75.171
568,Prudi,Bunworth,pbunworthfr@chicagotribune.com,Female,
569,Giffy,Magauran,,Male,248.203.204.217
570,Marjorie,Steedman,msteedmanft@pcworld.com,Female,56.141.150.13
571,Tandi,Pfeffel,tpfeffelfu@dailymail.co.uk,Female,191.187.122.250
572,Calvin,McFarlane,cmcfarlanefv@yellowbook.com,Male,180.158.103.16
573,Linoel,Bateson,lbatesonfw@parallels.com,Male,74.222.1.250
574,Cori,Roger,crogerfx@twitpic.com,Male,229.188.221.139
575,Heriberto,Fero,hferofy@purevolume.com,Male,247.5.51.8
576,Nellie,Smitheman,nsmithemanfz@sitemeter.com,Female,34.197.99.81
577,Jacquenette,Penni,jpennig0@behance.net,Female,155.48.141.246
578,Caddric,Harrow,charrowg1@howstuffworks.com,Male,196.138.234.3
579,Harv,Verlinde,hverlindeg2@mail.ru,Male,109.187.114.96
580,Clo,Cicchillo,ccicchillog3@e-recht24.de,Female,202.143.192.184
581,Pearline,Zanuciolii,,Female,16.243.232.137
582,Avrom,Burtwhistle,,Male,49.35.202.4
583,Burch,Gary,bgaryg6@soundcloud.com,Male,61.117.50.164
584,Jody,Vonderdell,jvonderdellg7@home.pl,Female,40.98.175.228
585,Cosmo,Howood,chowoodg8@csmonitor.com,Male,223.43.193.234
586,Abba,Gerin,,Male,142.40.226.225
587,Tandy,Landsborough,tlandsboroughga@usgs.gov,Female,88.180.131.88
588,Valaria,Grishin,vgrishingb@drupal.org,Agender,187.166.94.142
589,Karlens,Pisculli,kpisculligc@xinhuanet.com,Male,229.39.98.42
590,Pearle,Szapiro,,Genderqueer,54.139.141.126
591,Leticia,Menhci,lmenhcige@hp.com,Female,179.123.196.206
592,Hyacinthe,Dolton,hdoltongf@bbb.org,Female,165.85.86.235
593,Solomon,Arndell,sarndellgg@icq.com,Male,80.218.10.170
594,Lorant,Foulger,lfoulgergh@twitter.com,Male,95.152.127.12
595,Svend,Lympenie,slympeniegi@privacy.gov.au,Male,55.104.191.162
596,Eb,Absolom,eabsolomgj@fda.gov,Male,240.25.68.175
597,Yorgos,Ellacombe,yellacombegk@so-net.ne.jp,Male,193.102.102.69
598,Vallie,Dreakin,vdreakingl@sciencedaily.com,Female,170.164.155.76
599,Baxy,Kneale,bknealegm@google.es,Male,235.249.88.15
600,Leoine,Dinsdale,ldinsdalegn@usa.gov,Female,124.145.45.75
601,Marianne,Potteridge,mpotteridgego@scientificamerican.com,Female,190.64.52.68
602,Brandtr,Gaudin,,Male,89.110.231.164
603,Diandra,Brockie,dbrockiegq@lulu.com,Female,227.82.126.162
604,Bridie,Rouch,,Female,160.58.59.124
605,Giralda,Glantz,gglantzgs@nydailynews.com,Female,
606,Kent,O'Malley,komalleygt@ft.com,Male,166.168.168.100
607,Coleen,Soans,csoansgu@tinyurl.com,Female,152.233.159.59
608,Sheffield,Poser,,Male,195.106.113.216
609,Broddy,Lonnon,blonnongw@guardian.co.uk,Male,160.104.229.208
610,Trixi,Renhard,trenhardgx@4shared.com,Female,74.181.41.197
611,Quentin,Newcombe,qnewcombegy@youku.com,Male,77.21.134.146
612,Ilysa,Denyukhin,idenyukhingz@nbcnews.com,Female,148.47.75.200
613,Caterina,Larmet,,Female,109.244.143.163
614,Adelbert,Langhorn,alanghornh1@pinterest.com,Male,64.39.188.50
615,Ranice,Purselow,rpurselowh2@elpais.com,Female,206.150.61.138
616,Markos,Jahan,,Male,1.209.10.174
617,Christiano,Olivet,coliveth4@de.vu,Male,144.78.53.184
618,Mallory,Piggins,mpigginsh5@e-recht24.de,Non-binary,128.98.115.202
619,Udale,Baytrop,ubaytroph6@google.com,Male,62.47.235.122
620,Bard,Rodrigo,brodrigoh7@biblegateway.com,Male,77.140.234.4
621,Ines,Togher,itogherh8@51.la,Female,56.8.179.42
622,Elli,Oliver-Paull,eoliverpaullh9@diigo.com,Female,115.139.3.54
623,Donn,Gallaher,dgallaherha@squidoo.com,Male,247.66.111.125
624,Zachery,Keyzor,zkeyzorhb@google.cn,Male,67.226.196.105
625,Ilse,Aizikovich,iaizikovichhc@irs.gov,Female,231.201.51.63
626,Aube,Corain,acorainhd@xing.com,Male,174.86.138.175
627,Wilie,Addenbrooke,waddenbrookehe@sbwire.com,Female,230.16.103.134
628,Renie,Treadgear,rtreadgearhf@harvard.edu,Agender,205.249.71.13
629,Tonie,Fullstone,tfullstonehg@ox.ac.uk,Female,248.203.8.85
630,Fidole,Turbard,fturbardhh@state.tx.us,Male,216.30.224.11
631,Sinclare,Pache,spachehi@ucoz.ru,Male,177.5.169.197
632,Renard,Espley,respleyhj@nsw.gov.au,Male,107.244.170.111
633,Bink,Overlow,,Male,66.28.30.74
634,Charissa,Heeron,cheeronhl@nature.com,Female,231.39.124.209
635,Aubrey,Anfonsi,aanfonsihm@statcounter.com,Female,202.65.66.34
636,Gradeigh,Glassford,gglassfordhn@github.com,Agender,242.81.68.179
637,Darci,Jammet,djammetho@stumbleupon.com,Female,
638,Valry,MacCathay,,Genderfluid,172.189.96.28
639,Cyrus,Feirn,cfeirnhq@ustream.tv,Male,218.4.229.94
640,Elene,Curson,ecursonhr@technorati.com,Female,12.121.80.216
641,Farly,Goodge,,Male,237.90.104.214
642,Aleece,Mensler,amenslerht@clickbank.net,Genderqueer,34.227.213.38
643,Sammie,Gall,sgallhu@tinyurl.com,Male,60.193.182.20
644,Chloe,Tyt,ctythv@vistaprint.com,Female,205.202.192.150
645,Otho,Bodleigh,,Agender,27.172.2.178
646,Andrea,McElhinney,amcelhinneyhx@prlog.org,Male,92.155.61.113
647,Erinna,Koppens,,Female,213.141.230.55
648,Tildi,Cheevers,,Female,252.14.185.208
649,Emogene,Warde,ewardei0@issuu.com,Female,11.156.234.166
650,Averell,Basili,abasilii1@t-online.de,Male,236.179.221.227
651,Irwin,Kewley,ikewleyi2@theatlantic.com,Male,108.223.158.241
652,Donalt,Caillou,dcailloui3@ifeng.com,Male,84.174.169.63
653,Paola,Courtier,pcourtieri4@columbia.edu,Female,
654,Cooper,Guymer,cguymeri5@google.co.uk,Male,144.153.94.22
655,Calli,Dunnet,cdunneti6@hibu.com,Female,46.106.68.162
656,Cynthie,Barajaz,cbarajazi7@state.tx.us,Female,34.213.48.67
657,Rosella,Offell,roffelli8@csmonitor.com,Female,13.153.39.114
658,Fannie,Canepe,fcanepei9@smugmug.com,Female,125.201.167.249
659,Pietrek,Sphinxe,psphinxeia@seattletimes.com,Male,184.112.179.233
660,Serge,Banfill,sbanfillib@skype.com,Male,157.19.157.228
661,Madelin,Lehon,mlehonic@exblog.jp,Female,199.89.0.66
662,Electra,Kemble,ekembleid@webs.com,Female,98.144.92.182
663,Bernadene,Skingle,bskingleie@columbia.edu,Female,204.109.152.3
664,Pia,Killner,pkillnerif@nydailynews.com,Female,113.99.228.229
665,Adlai,Kaysor,akaysorig@google.com.hk,Male,242.115.184.4
666,Arlen,Swannick,,Female,23.131.58.20
667,Kelcie,McGillreich,kmcgillreichii@ox.ac.uk,Female,53.77.229.75
668,Frederich,Perritt,fperrittij@icio.us,Male,15.147.133.111
669,Kathleen,Breeder,kbreederik@miitbeian.gov.cn,Female,
670,Johnathon,Holdforth,jholdforthil@mapquest.com,Male,206.235.221.234
671,Erda,Wink,ewinkim@instagram.com,Female,136.72.3.49
672,Bryanty,Kimblin,,Male,1.108.18.237
673,Sidoney,Leghorn,sleghornio@hp.com,Female,21.145.246.99
674,Kaine,Issett,kissettip@deviantart.com,Male,183.166.93.179
675,Reta,Whitesel,rwhiteseliq@twitpic.com,Female,237.111.176.137
676,Yorgos,Hulmes,yhulmesir@macromedia.com,Male,7.98.96.88
677,Tedra,Hathaway,thathawayis@msu.edu,Female,178.229.86.186
678,Hansiain,Horley,hhorleyit@intel.com,Male,149.112.23.5
679,Aluin,Belchambers,abelchambersiu@artisteer.com,Male,165.202.201.45
680,Launce,Bruin,lbruiniv@ihg.com,Male,116.35.222.185
681,Ev,Lukehurst,,Male,2.127.249.143
682,Reagan,Luby,rlubyix@engadget.com,Male,33.63.200.83
683,Nealson,Storrah,,Male,
684,Amelie,Greenhead,agreenheadiz@wordpress.com,Female,206.161.24.254
685,Garrard,Fiorentino,gfiorentinoj0@arstechnica.com,Male,54.40.126.175
686,Shelby,Drinnan,sdrinnanj1@upenn.edu,Male,51.54.96.204
687,Andonis,Landsborough,,Male,234.19.216.122
688,Powell,Fishburn,pfishburnj3@wisc.edu,Male,25.146.42.89
689,Joseph,Klus,,Male,234.0.230.188
690,Zonda,Gibson,zgibsonj5@joomla.org,Female,88.125.107.229
691,Benny,Goldthorpe,bgoldthorpej6@amazon.co.uk,Female,199.34.173.226
692,Lewie,Weildish,lweildishj7@berkeley.edu,Male,75.223.115.207
693,Bone,Gaddas,bgaddasj8@aboutads.info,Male,178.108.211.21
694,Radcliffe,Duncan,rduncanj9@bbc.co.uk,Male,197.228.167.19
695,Sella,Soppit,ssoppitja@latimes.com,Female,127.71.246.96
696,Amie,Cavilla,acavillajb@elegantthemes.com,Female,60.161.96.243
697,Dyan,Sweetsur,dsweetsurjc@networkadvertising.org,Female,149.14.237.42
698,Goldy,Cavell,gcavelljd@ftc.gov,Female,
699,Rosalia,Mcettrick,rmcettrickje@baidu.com,Female,248.201.206.97
700,Opaline,Holdren,oholdrenjf@scientificamerican.com,Bigender,215.224.49.51
701,Emmie,Gottschalk,egottschalkjg@clickbank.net,Female,191.25.53.165
702,Sibbie,Stabbins,,Non-binary,94.226.17.12
703,Halley,Perford,,Female,235.198.218.117
704,Warner,Blackleech,wblackleechjj@mayoclinic.com,Male,117.23.136.59
705,Ross,Seys,rseysjk@vkontakte.ru,Male,
706,Sula,Aizic,,Female,46.145.219.226
707,Gianni,Hayne,ghaynejm@vkontakte.ru,Male,117.210.191.117
708,Nate,Nassau,nnassaujn@wikia.com,Bigender,47.246.207.83
709,Lewes,Alywen,,Male,189.216.73.171
710,Darcey,Gyles,dgylesjp@usatoday.com,Female,89.245.173.160
711,Nevin,Derwin,nderwinjq@tmall.com,Male,34.51.77.136
712,Jessica,Richardson,,Female,102.90.51.52
713,Weber,Whitmore,wwhitmorejs@ibm.com,Male,147.9.118.133
714,Toinette,Athersmith,tathersmithjt@wikia.com,Female,242.102.160.12
715,Renard,Thewys,rthewysju@discovery.com,Male,55.98.24.105
716,Suellen,Ganter,sganterjv@ucoz.ru,Female,219.250.31.136
717,Niven,Clougher,nclougherjw@posterous.com,Male,29.160.176.8
718,Kevan,Borley,kborleyjx@boston.com,Male,146.101.61.13
719,Laural,Clapston,lclapstonjy@mediafire.com,Female,104.142.82.251
720,Alexander,Grene,agrenejz@independent.co.uk,Male,80.70.228.160
721,Cathrine,Rugge,cruggek0@google.es,Female,
722,Emmery,Bone,ebonek1@nature.com,Male,161.170.226.115
723,Cherida,Speeding,cspeedingk2@w3.org,Female,239.141.0.75
724,Avril,Cutcliffe,acutcliffek3@simplemachines.org,Female,219.239.221.219
725,Augusto,Beau,,Male,61.20.67.89
726,Adi,Hasluck,ahasluckk5@washingtonpost.com,Genderqueer,152.136.76.147
727,Corenda,Bolstridge,,Female,143.165.143.209
728,Brenna,Lawlance,blawlancek7@princeton.edu,Female,137.168.155.248
729,Meade,Pegden,mpegdenk8@home.pl,Male,208.220.245.123
730,Dorian,O'Nolan,donolank9@gmpg.org,Female,128.135.249.60
731,Dagny,Boffey,dboffeyka@sciencedaily.com,Male,121.152.15.128
732,Marigold,Bagguley,,Female,127.89.230.180
733,Sydney,Glyne,,Male,
734,Deanne,Tummond,dtummondkd@google.ca,Female,221.34.6.250
735,Katusha,Pettisall,kpettisallke@nifty.com,Female,103.135.225.10
736,Brander,Cholonin,bcholoninkf@sakura.ne.jp,Male,85.29.115.61
737,Clyde,Reaveley,,Bigender,
738,Wang,Bordis,wbordiskh@indiatimes.com,Male,190.13.173.163
739,Arin,Kincade,,Male,5.81.235.204
740,Aurthur,Becker,abeckerkj@phoca.cz,Male,91.204.172.6
741,Hillyer,Goldsworthy,hgoldsworthykk@columbia.edu,Male,92.122.211.95
742,Sawyere,Brounfield,sbrounfieldkl@over-blog.com,Male,
743,Cobb,Fuggle,cfugglekm@com.com,Male,
744,Agathe,Bahlmann,abahlmannkn@timesonline.co.uk,Female,
745,Marmaduke,Whatford,mwhatfordko@booking.com,Male,137.118.54.21
746,Danya,Morican,dmoricankp@google.fr,Male,152.163.236.6
747,Townie,Trayford,ttrayfordkq@istockphoto.com,Male,33.135.76.246
748,Ilaire,Tremmel,itremmelkr@alibaba.com,Male,32.190.240.32
749,Melody,Authers,mauthersks@newyorker.com,Female,43.115.126.149
750,Garrett,Roset,grosetkt@arstechnica.com,Male,45.168.40.238
751,Darcey,Redington,,Female,83.203.240.253
752,Kelley,Kirsop,kkirsopkv@taobao.com,Male,197.159.149.246
753,Gerome,Akers,,Male,70.100.215.117
754,Marshall,Syms,msymskx@yale.edu,Bigender,66.222.92.197
755,Emiline,Gartshore,,Female,242.181.236.157
756,Roxi,Goudman,rgoudmankz@washingtonpost.com,Non-binary,
757,Denni,Jickells,,Female,176.216.210.57
758,Fancy,Perschke,fperschkel1@census.gov,Female,175.191.185.50
759,Lynnea,Darington,ldaringtonl2@cmu.edu,Female,255.140.58.198
760,Arleyne,Youings,ayouingsl3@mozilla.com,Non-binary,218.32.222.23
761,Yance,Notti,ynottil4@furl.net,Male,122.139.152.216
762,Sybilla,Parsons,sparsonsl5@csmonitor.com,Female,13.103.80.151
763,Ephrayim,Ugo,eugol6@flavors.me,Genderfluid,15.78.5.127
764,Tan,Featherbie,tfeatherbiel7@webs.com,Male,213.127.66.31
765,Eugene,Hanniger,ehannigerl8@wp.com,Male,126.119.208.235
766,Suzanne,Rodolico,srodolicol9@angelfire.com,Female,147.90.226.121
767,Michaella,Attrie,mattriela@ycombinator.com,Female,33.169.44.69
768,Gardner,Ashborne,gashbornelb@amazon.com,Genderqueer,22.102.255.204
769,Layla,Lyffe,,Female,173.98.104.70
770,Mart,Swindell,mswindellld@t-online.de,Male,123.165.132.231
771,Randi,Campsall,,Male,89.187.110.105
772,Jaine,Seedull,jseedulllf@upenn.edu,Female,11.49.181.172
773,Ginger,Gane,gganelg@microsoft.com,Bigender,206.22.64.182
774,Wildon,Maryott,,Male,187.66.216.178
775,Wilburt,Coon,wcoonli@naver.com,Male,
776,Harv,Whaymand,hwhaymandlj@fc2.com,Male,246.164.7.122
777,Jacki,Landeaux,jlandeauxlk@thetimes.co.uk,Female,68.255.202.179
778,Lyn,Leynham,lleynhamll@symantec.com,Male,38.143.130.194
779,Chaunce,Able,,Male,83.185.157.129
780,Irene,Yarnell,iyarnellln@xrea.com,Female,143.57.158.229
781,Roderic,Castello,rcastellolo@narod.ru,Male,219.84.85.242
782,Bendite,Markwick,bmarkwicklp@flavors.me,Agender,232.175.76.7
783,Ilyse,Hallawell,ihallawelllq@wufoo.com,Female,231.6.210.120
784,Barth,Saffon,bsaffonlr@360.cn,Male,166.125.89.190
785,Umberto,Maciocia,umaciocials@shop-pro.jp,Male,196.26.10.55
786,Selinda,Jiles,sjileslt@businessweek.com,Female,125.57.111.47
787,Bunnie,Bilfoot,,Female,135.174.133.192
788,Meryl,Devonshire,mdevonshirelv@auda.org.au,Male,31.112.150.198
789,Bianca,Tows,btowslw@irs.gov,Female,159.222.2.50
790,Tracy,Cowmeadow,tcowmeadowlx@bloomberg.com,Male,68.191.84.4
791,Clemmie,Martusewicz,cmartusewiczly@fda.gov,Male,53.255.45.221
792,Timmie,Threadgould,tthreadgouldlz@icq.com,Female,25.180.196.201
793,Hyman,McNeachtain,hmcneachtainm0@php.net,Male,98.135.153.93
794,Ruperta,Westhofer,rwesthoferm1@i2i.jp,Female,74.228.244.125
795,Ludvig,Rounds,lroundsm2@ted.com,Male,192.176.52.172
796,Becca,Chezelle,bchezellem3@shinystat.com,Female,95.16.225.25
797,Lillian,Kaye,lkayem4@vistaprint.com,Bigender,168.28.137.241
798,Garrik,Wolfindale,gwolfindalem5@sbwire.com,Male,201.134.203.33
799,Cori,Tait,ctaitm6@statcounter.com,Female,247.60.51.161
800,Brandyn,Escudier,bescudierm7@gravatar.com,Male,42.152.239.32
801,Errol,Bentsen,,Male,55.52.15.20
802,Gnni,Phare,gpharem9@amazon.co.jp,Female,
803,Aileen,Goldspink,,Female,88.11.46.145
804,Dari,Seleway,dselewaymb@soundcloud.com,Female,170.139.238.139
805,Nicky,Peakman,,Male,16.4.38.242
806,Hinze,Stephens,hstephensmd@amazon.co.jp,Male,162.239.115.145
807,Randi,Najera,rnajerame@slashdot.org,Female,93.69.243.40
808,Aubry,Gheeorghie,,Female,21.8.240.242
809,Darsie,Leades,dleadesmg@cbc.ca,Female,
810,Halette,Klasing,hklasingmh@jiathis.com,Female,218.249.121.96
811,Cayla,Eliff,celiffmi@guardian.co.uk,Female,
812,Johnny,Canby,,Male,136.130.35.38
813,Chastity,Rucklesse,crucklessemk@php.net,Female,
814,Carena,Graveson,cgravesonml@over-blog.com,Female,
815,Emory,Arnull,earnullmm@army.mil,Male,142.28.156.88
816,Ennis,Bleackley,ebleackleymn@sohu.com,Male,185.185.196.156
817,Claudell,Greenroyd,cgreenroydmo@paypal.com,Male,188.46.42.231
818,Hollyanne,Peasby,hpeasbymp@prlog.org,Female,70.15.136.162
819,Rea,Rosenblad,rrosenbladmq@altervista.org,Female,76.206.160.8
820,Witty,Hildrew,whildrewmr@patch.com,Male,244.64.118.134
821,Dora,Sandells,dsandellsms@state.gov,Female,234.190.29.197
822,Norby,Brydie,nbrydiemt@nhs.uk,Male,163.30.157.113
823,Fairfax,Lonie,floniemu@unicef.org,Male,174.206.102.214
824,Luca,Learmount,,Male,52.140.115.79
825,Vonnie,Urch,vurchmw@mapy.cz,Female,191.132.62.128
826,Waylen,Amberson,wambersonmx@yandex.ru,Genderfluid,52.33.182.238
827,Cletus,Shiers,,Male,103.217.85.193
828,Irwinn,Taggart,itaggartmz@discuz.net,Male,5.42.220.27
829,Odele,Ghidelli,oghidellin0@over-blog.com,Female,7.143.185.84
830,Malissa,Addis,,Agender,211.195.209.242
831,Jamill,Pedycan,jpedycann2@archive.org,Male,26.251.128.67
832,Cammi,Niccols,cniccolsn3@people.com.cn,Female,24.195.73.11
833,Mathe,Seaborne,mseabornen4@uiuc.edu,Male,11.1.105.88
834,Isabelita,Havoc,ihavocn5@twitpic.com,Female,137.175.14.172
835,Rosemonde,Beldum,rbeldumn6@last.fm,Female,219.194.176.19
836,Artur,Camellini,acamellinin7@cdbaby.com,Male,103.10.245.43
837,Garrott,Pales,gpalesn8@gnu.org,Male,238.122.16.132
838,Wadsworth,Wildbore,wwildboren9@vimeo.com,Male,213.86.89.62
839,Fenelia,Cruddas,fcruddasna@washingtonpost.com,Female,107.80.235.64
840,Curry,Broadnicke,,Polygender,251.27.60.223
841,Kiah,Pownall,kpownallnc@hubpages.com,Female,
842,Ailbert,Bride,abridend@jalbum.net,Male,20.206.142.184
843,Kennett,Wickham,,Bigender,22.27.103.128
844,Gale,Shawcroft,,Non-binary,104.122.85.175
845,Eddy,Kitcatt,ekitcattng@flavors.me,Female,246.183.249.139
846,Oby,Leather,oleathernh@sina.com.cn,Male,201.246.163.152
847,Lilyan,Eyrl,leyrlni@usatoday.com,Female,117.111.23.13
848,Zara,Padson,zpadsonnj@go.com,Female,127.252.92.32
849,Gerhardine,Utteridge,gutteridgenk@java.com,Female,128.134.131.20
850,Bryan,Jouannin,bjouanninnl@slideshare.net,Male,242.84.53.239
851,Hersch,Sottell,hsottellnm@mediafire.com,Male,228.53.83.104
852,Frederico,Stocks,fstocksnn@sohu.com,Male,251.53.211.131
853,Carlen,Singyard,csingyardno@twitter.com,Female,63.195.245.238
854,Bridget,Cornels,bcornelsnp@technorati.com,Female,225.36.41.228
855,Edin,Crewdson,ecrewdsonnq@techcrunch.com,Female,197.227.169.64
856,Lanny,Blowick,lblowicknr@squarespace.com,Agender,214.15.37.166
857,Amabelle,Glascott,aglascottns@dell.com,Female,83.189.221.248
858,Skelly,Solomonides,ssolomonidesnt@wisc.edu,Male,213.61.68.165
859,Selig,Cheek,scheeknu@vistaprint.com,Male,52.61.146.12
860,Amie,Jenkinson,ajenkinsonnv@stumbleupon.com,Female,220.90.128.236
861,Alvera,Guyonnet,aguyonnetnw@unblog.fr,Female,185.6.6.241
862,Esther,Haggar,,Female,66.80.27.113
863,Adan,Saltwell,asaltwellny@cargocollective.com,Male,250.175.44.170
864,Udall,Allinson,uallinsonnz@biblegateway.com,Male,34.241.236.173
865,Virge,Levee,,Genderqueer,151.191.14.194
866,Idaline,Delouch,ideloucho1@chronoengine.com,Female,18.149.18.20
867,Lin,Sinderson,lsindersono2@un.org,Male,170.200.118.183
868,Deva,Kleinstern,dkleinsterno3@instagram.com,Female,30.173.10.154
869,Kennith,Wellbelove,kwellbeloveo4@amazon.co.uk,Male,195.48.193.22
870,Amelie,Stoyle,astoyleo5@dailymotion.com,Female,207.182.2.91
871,Waldon,Wolseley,wwolseleyo6@irs.gov,Male,57.1.105.150
872,Rancell,Dregan,rdregano7@npr.org,Male,149.13.174.173
873,Tania,Keel,tkeelo8@sciencedaily.com,Female,106.106.182.135
874,Emalee,Mordon,emordono9@t-online.de,Female,
875,Andromache,Grishkov,agrishkovoa@163.com,Female,213.72.237.57
876,Percy,Gorham,,Male,28.97.38.152
877,Janna,Verlinde,jverlindeoc@virginia.edu,Female,225.117.25.235
878,Solomon,Lanston,,Male,141.66.86.152
879,Elsa,Loade,eloadeoe@ucla.edu,Female,240.2.5.137
880,Cherice,Habron,,Female,114.93.172.42
881,Alvy,Jowle,ajowleog@wikipedia.org,Male,17.160.98.180
882,Hollis,Studders,hstuddersoh@so-net.ne.jp,Male,223.0.41.65
883,Piggy,Dunstone,pdunstoneoi@storify.com,Male,112.150.198.83
884,Tracy,Riddler,,Male,3.139.209.43
885,Perry,Philpin,,Female,57.181.11.70
886,Joyan,Crenage,,Female,255.214.185.43
887,Ryun,Hellsdon,,Male,55.226.59.7
888,Ophelia,Paddock,opaddockon@google.pl,Female,127.84.191.93
889,Neall,Elleton,,Male,169.228.22.12
890,Osbourn,Gilpillan,ogilpillanop@mayoclinic.com,Male,203.54.44.85
891,Eleni,Thornewill,ethornewilloq@tiny.cc,Female,211.80.72.156
892,Gauthier,Penny,gpennyor@virginia.edu,Male,46.127.204.189
893,Eugene,Moorton,emoortonos@bing.com,Male,155.227.94.81
894,Gal,Giddins,,Male,172.177.69.243
895,Lilith,McAirt,lmcairtou@indiatimes.com,Female,211.6.244.197
896,Tilly,Landall,,Female,161.10.238.118
897,Delmer,Petrolli,,Male,134.77.91.167
898,Ferne,Warricker,fwarrickerox@tamu.edu,Female,135.82.16.191
899,Gabe,Mackley,gmackleyoy@phpbb.com,Genderqueer,142.28.92.144
900,Joelle,Dunbobin,jdunbobinoz@noaa.gov,Genderfluid,117.145.231.184
901,Sigvard,Olliar,solliarp0@seesaa.net,Male,111.193.234.147
902,Tierney,Sillars,tsillarsp1@newyorker.com,Female,123.187.32.186
903,Gwenora,Demeza,gdemezap2@free.fr,Female,38.38.65.150
904,Fredericka,Vousden,fvousdenp3@tripadvisor.com,Female,38.22.229.221
905,Halimeda,Burwell,hburwellp4@moonfruit.com,Female,225.250.193.250
906,Meir,Barnhart,,Male,35.39.167.67
907,Adham,Grute,agrutep6@reuters.com,Male,187.35.76.88
908,Sarene,Jex,sjexp7@wikia.com,Female,165.39.130.177
909,Marcile,Bissiker,mbissikerp8@multiply.com,Female,97.22.150.63
910,Broddy,Goggen,bgoggenp9@reference.com,Male,47.4.10.237
911,Aloysia,O'Reilly,aoreillypa@sbwire.com,Female,180.44.44.41
912,Lillian,Rheaume,lrheaumepb@tiny.cc,Female,193.242.245.0
913,Gifford,Godfree,ggodfreepc@unesco.org,Male,27.24.24.71
914,Veronique,Cleft,vcleftpd@wufoo.com,Female,116.158.171.92
915,Rafaelia,Lyddy,rlyddype@youtu.be,Female,20.84.45.136
916,Fanchette,Noli,,Female,221.10.239.29
917,Olly,Dron,,Male,245.72.163.33
918,Jareb,Aslen,jaslenph@meetup.com,Agender,173.159.198.159
919,Melany,Cortes,mcortespi@storify.com,Female,119.183.98.91
920,Hewe,Prettjohn,,Male,159.88.113.53
921,Yevette,Carruth,ycarruthpk@ovh.net,Female,21.197.94.72
922,Padraic,Petracek,ppetracekpl@bandcamp.com,Male,97.186.211.59
923,Theda,Laurie,tlauriepm@msn.com,Female,
924,Alix,Cluitt,acluittpn@google.pl,Male,117.120.198.29
925,Sebastien,Cleave,scleavepo@comsenz.com,Agender,119.16.53.177
926,Tarra,Chaffen,tchaffenpp@godaddy.com,Female,72.204.59.155
927,Nealson,Lerven,nlervenpq@sohu.com,Male,112.202.123.52
928,Ashly,Nesby,anesbypr@github.io,Female,173.205.161.160
929,Sean,Van Schafflaer,svanschafflaerps@mlb.com,Male,175.190.200.76
930,Essie,Standring,,Female,113.35.246.216
931,Edythe,Meagh,emeaghpu@state.tx.us,Female,142.252.110.229
932,Feodor,Rubra,frubrapv@abc.net.au,Genderfluid,248.24.135.202
933,Park,Pillifant,ppillifantpw@360.cn,Male,133.200.91.110
934,Clevey,Robberecht,crobberechtpx@ucoz.ru,Male,151.88.168.8
935,Ambrose,Victory,avictorypy@howstuffworks.com,Agender,27.249.241.50
936,Salome,Le Grice,,Polygender,94.47.44.210
937,Jeana,Yve,jyveq0@nyu.edu,Female,10.220.194.227
938,Allan,Firpi,afirpiq1@tumblr.com,Male,87.108.218.240
939,Arabela,Mantz,,Female,81.172.151.102
940,Lazarus,Crosbie,lcrosbieq3@marriott.com,Male,160.206.96.249
941,Polly,Morena,pmorenaq4@furl.net,Female,210.37.201.111
942,Laurent,Gronaller,lgronallerq5@kickstarter.com,Genderfluid,39.4.100.163
943,Brent,Elsby,belsbyq6@newsvine.com,Male,80.228.66.141
944,Zaccaria,Loody,zloodyq7@wikipedia.org,Male,107.229.207.221
945,Ronny,Perrycost,,Female,227.68.189.4
946,Bobinette,Gawthrope,bgawthropeq9@oracle.com,Female,253.154.72.171
947,Karlis,Dressel,,Male,174.40.220.93
948,Amalle,Boatman,aboatmanqb@cyberchimps.com,Female,81.187.73.178
949,Abran,Wittke,awittkeqc@t.co,Male,51.29.112.111
950,Cindelyn,Keates,ckeatesqd@1688.com,Female,131.59.217.174
951,Raynor,Rablan,,Male,65.183.0.203
952,Demetre,Searson,dsearsonqf@cyberchimps.com,Male,125.62.209.200
953,Alia,Glew,aglewqg@freewebs.com,Female,38.168.192.203
954,Emmye,Hopewell,ehopewellqh@cpanel.net,Female,144.129.198.99
955,Pate,Lauks,plauksqi@ning.com,Male,173.77.157.131
956,Vere,Kemsley,vkemsleyqj@slideshare.net,Female,107.54.37.170
957,Marcia,Morehall,,Non-binary,171.249.46.31
958,Penelope,Ditts,pdittsql@opensource.org,Female,199.29.166.32
959,Roderick,Edscer,redscerqm@ustream.tv,Male,137.229.108.27
960,Colette,Buscombe,cbuscombeqn@newyorker.com,Female,72.181.92.18
961,Jordan,Gatherer,jgathererqo@nba.com,Female,89.135.152.189
962,Elora,Duchatel,educhatelqp@storify.com,Female,195.3.102.214
963,Mignon,Folan,mfolanqq@nih.gov,Female,214.94.8.27
964,Ruby,Selesnick,,Male,170.103.167.233
965,Annmaria,Buttner,abuttnerqs@trellian.com,Female,162.140.139.10
966,Mark,Kenington,mkeningtonqt@google.com.au,Male,107.141.41.188
967,Herve,Binnell,hbinnellqu@gnu.org,Male,203.170.228.168
968,Nerta,Du Plantier,nduplantierqv@fastcompany.com,Female,7.227.80.246
969,Rabi,Ezzy,rezzyqw@ebay.com,Male,156.106.229.72
970,Sarita,Kabisch,skabischqx@icio.us,Female,21.136.206.110
971,Rickie,Dearnaly,rdearnalyqy@arstechnica.com,Female,251.29.60.184
972,Valentino,MacAlaster,vmacalasterqz@businesswire.com,Male,45.139.208.28
973,Vanya,Willbond,vwillbondr0@marketwatch.com,Female,20.157.251.172
974,Gay,Paulon,,Male,81.169.232.195
975,Kipp,Elderfield,kelderfieldr2@dropbox.com,Female,44.126.217.30
976,Gerrie,Graser,ggraserr3@mapy.cz,Male,230.105.252.36
977,Katlin,Boller,kbollerr4@prnewswire.com,Female,96.47.130.33
978,Winny,Kubu,wkubur5@xinhuanet.com,Female,177.25.167.163
979,Reggie,Pleasaunce,rpleasauncer6@nature.com,Male,1.21.12.247
980,Emiline,Basley,ebasleyr7@newyorker.com,Female,71.229.91.79
981,Alano,Stendell,astendellr8@sogou.com,Male,221.51.64.224
982,Latrina,Ferronet,lferronetr9@nba.com,Female,123.30.105.179
983,Godfrey,Wimpenny,gwimpennyra@google.cn,Male,237.203.98.177
984,Cchaddie,Kissell,ckissellrb@ftc.gov,Male,217.255.86.214
985,Rosamund,Cluett,,Female,90.164.23.11
986,Titos,Coggins,tcogginsrd@nih.gov,Male,
987,Bernetta,Maiden,bmaidenre@timesonline.co.uk,Female,57.217.19.228
988,Zulema,Charley,,Female,75.109.96.190
989,Sergio,Nafziger,snafzigerrg@tuttocitta.it,Non-binary,150.142.111.29
990,Yolanthe,Baake,,Female,167.38.209.118
991,Norby,Stellino,nstellinori@guardian.co.uk,Male,208.134.146.45
992,Rebbecca,Wishkar,rwishkarrj@msn.com,Non-binary,170.54.174.44
993,Elsworth,Wimsett,ewimsettrk@wikimedia.org,Male,198.217.47.254
994,Jerrold,Skidmore,jskidmorerl@google.es,Male,141.222.107.65
995,Ross,Soutar,,Male,122.47.156.7
996,Veronica,Arlett,varlettrn@hugedomains.com,Female,61.131.5.240
997,Constance,Sellner,csellnerro@yahoo.co.jp,Female,151.141.147.253
998,Buddy,Gianettini,bgianettinirp@dell.com,Male,106.7.213.126
999,Kristin,Capes,kcapesrq@msn.com,Non-binary,73.67.13.60
1000,Penrod,Fenne,pfennerr@shop-pro.jp,Male,208.26.45.22
