id,first_name,last_name,email,gender,ip_address
1,Jen,Farryn,jfarryn0@4shared.com,Non-binary,190.241.49.32
2,Ettie,Constantine,econstantine1@shutterfly.com,Female,89.147.92.158
3,Christoffer,Vondrasek,,Male,130.214.217.252
4,Joela,Kulis,jkulis3@free.fr,Female,189.91.60.83
5,Huberto,Wedlake,hwedlake4@diigo.com,Male,
6,Pietrek,Cockshot,pcockshot5@auda.org.au,Male,88.15.28.78
7,Gray,Legerton,glegerton6@rakuten.co.jp,Male,154.28.224.98
8,Jeth,Goodinge,jgoodinge7@edublogs.org,Non-binary,
9,Quintus,Garraway,,Male,126.188.73.186
10,Tuesday,Van der Spohr,tvanderspohr9@japanpost.jp,Female,230.171.114.166
11,Caralie,Screech,cscreecha@nasa.gov,Non-binary,243.178.77.120
12,Cart,Birkett,cbirkettb@slashdot.org,Male,234.52.97.86
13,Ransom,Overbury,roverburyc@privacy.gov.au,Male,52.99.108.160
14,Chas,Sedman,csedmand@goo.gl,Male,93.14.148.187
15,Jenine,Walsh,,Female,28.160.164.49
16,Holden,McGeechan,hmcgeechanf@gmpg.org,Male,147.163.32.68
17,Eran,Zollner,ezollnerg@cornell.edu,Female,172.243.162.128
18,Morrie,Twizell,mtwizellh@vinaora.com,Male,93.115.219.155
19,Sherill,Parmley,sparmleyi@umn.edu,Female,207.71.79.213
20,Zebedee,Finney,zfinneyj@arizona.edu,Male,249.105.76.0
21,Aylmar,Orthmann,aorthmannk@tuttocitta.it,Polygender,115.109.175.4
22,Pennie,Divina,pdivinal@shareasale.com,Male,73.216.204.171
23,Lena,Conen,lconenm@shutterfly.com,Female,212.210.105.200
24,Chelsea,Pero,cperon@trellian.com,Female,65.57.123.61
25,Gorden,Papworth,gpapwortho@wikispaces.com,Male,105.102.98.26
26,Nero,Espy,nespyp@4shared.com,Male,74.15.78.242
27,Teodoor,Pawelke,tpawelkeq@pen.io,Male,51.80.96.174
28,Cosette,Atack,catackr@wordpress.com,Female,55.37.16.10
29,Austin,Thebe,athebes@google.com.au,Male,77.234.233.224
30,Gram,Buist,,Male,216.69.71.81
31,Yvon,Aris,yarisu@dell.com,Male,255.240.45.110
32,Clerkclaude,Lauchlan,clauchlanv@yandex.ru,Genderqueer,229.239.20.241
33,Analiese,Jelleman,ajellemanw@netvibes.com,Genderqueer,4.205.225.43
34,Sylvester,Hands,shandsx@hao123.com,Male,52.13.162.246
35,Ad,Franc,afrancy@moonfruit.com,Male,193.91.130.3
36,Katha,Verralls,,Female,199.244.124.189
37,Gavan,Girardez,ggirardez10@answers.com,Male,15.148.251.190
38,Chrotoem,Legendre,clegendre11@photobucket.com,Male,71.200.46.234
39,Margaret,Renard,mrenard12@hao123.com,Genderfluid,248.19.109.160
40,Bebe,Tackley,btackley13@irs.gov,Female,
41,Katerina,McCooke,kmccooke14@over-blog.com,Female,135.75.51.204
42,Etan,Cullerne,ecullerne15@furl.net,Male,224.66.108.108
43,Meagan,Addeycott,maddeycott16@xing.com,Female,175.69.43.49
44,Cass,Chomley,cchomley17@xinhuanet.com,Male,94.243.61.213
45,Odelinda,McVitty,,Female,66.83.35.22
46,Brian,Karpfen,,Male,42.187.5.35
47,Thomas,Linden,tlinden1a@histats.com,Male,239.20.243.140
48,Danya,Kernoghan,,Bigender,171.240.130.110
49,Evania,Tanman,etanman1c@mapquest.com,Female,200.15.149.172
50,Gasper,Gabby,ggabby1d@state.tx.us,Male,193.38.5.102
51,Sigfried,Dursley,sdursley1e@bravesites.com,Male,226.157.36.196
52,Dolli,Dearlove,ddearlove1f@wired.com,Female,93.86.114.127
53,Drucill,McQuillan,dmcquillan1g@army.mil,Female,79.78.113.134
54,Tiff,Callis,tcallis1h@tripadvisor.com,Female,230.19.253.203
55,Sayre,Obert,sobert1i@friendfeed.com,Female,7.198.186.18
56,Virginia,Kryska,vkryska1j@flavors.me,Female,127.5.232.151
57,Larissa,Voase,lvoase1k@webs.com,Female,71.105.220.72
58,Rolph,Chaldecott,rchaldecott1l@ucla.edu,Male,21.192.161.138
59,Dorris,Primarolo,dprimarolo1m@surveymonkey.com,Female,126.227.116.34
60,Dottie,Warcop,dwarcop1n@histats.com,Female,28.245.44.75
61,Katherina,Hallowell,,Female,167.14.60.16
62,Carlynne,Ganforth,cganforth1p@delicious.com,Female,243.217.107.250
63,Horatio,Reuven,hreuven1q@hostgator.com,Male,88.255.0.146
64,Micky,Gamlin,,Female,201.226.35.192
65,Eustace,Josephi,ejosephi1s@ibm.com,Male,228.13.212.73
66,Eugine,Shegog,,Female,2.51.88.209
67,Chicky,Blyth,cblyth1u@soup.io,Male,17.147.165.139
68,Valenka,Cosser,vcosser1v@sohu.com,Female,87.3.100.151
69,Daven,Rosingdall,drosingdall1w@telegraph.co.uk,Male,248.139.20.205
70,Florella,Henaughan,fhenaughan1x@irs.gov,Female,
71,Phip,Sauvage,psauvage1y@whitehouse.gov,Male,35.122.26.196
72,Neville,Cuphus,ncuphus1z@domainmarket.com,Male,222.187.99.12
73,Josiah,Wherry,jwherry20@clickbank.net,Male,16.244.175.135
74,Culley,Bucky,,Male,83.90.132.51
75,Anna-diane,Hartle,ahartle22@miitbeian.gov.cn,Female,132.187.206.243
76,Anna-diana,D'Andrea,adandrea23@devhub.com,Female,159.178.96.161
77,Shaylyn,Prisk,sprisk24@netscape.com,Female,22.195.235.238
78,Richmound,Cubley,,Male,21.105.158.33
79,Mae,Geekie,mgeekie26@harvard.edu,Female,210.48.84.115
80,Cal,Denness,,Female,52.85.186.196
81,Hilario,Astin,hastin28@last.fm,Male,219.250.191.183
82,Winslow,Audenis,waudenis29@taobao.com,Male,72.134.128.159
83,Dareen,Pickin,,Female,72.125.119.199
84,Chevy,Danniel,cdanniel2b@moonfruit.com,Male,223.147.30.163
85,Griffie,Michelin,,Male,158.251.163.63
86,West,Canellas,wcanellas2d@wordpress.com,Non-binary,58.68.68.83
87,Ellery,Cawt,ecawt2e@mediafire.com,Male,166.29.51.173
88,Xylia,Baylie,xbaylie2f@aol.com,Polygender,101.215.37.247
89,Sybille,Sushams,ssushams2g@surveymonkey.com,Female,67.250.240.120
90,Tailor,Aries,taries2h@bigcartel.com,Male,8.98.55.69
91,Evyn,Giggs,egiggs2i@reuters.com,Male,185.228.12.247
92,Alexandros,Greder,agreder2j@cnn.com,Male,127.205.246.205
93,Veradis,Campaigne,vcampaigne2k@noaa.gov,Female,191.150.249.194
94,Ximenez,Derye-Barrett,xderyebarrett2l@washington.edu,Polygender,103.57.246.107
95,Anjanette,Potteridge,apotteridge2m@twitpic.com,Female,49.213.97.95
96,Eustace,Siley,esiley2n@senate.gov,Male,114.123.129.32
97,Mack,Palumbo,mpalumbo2o@wiley.com,Male,199.111.204.20
98,Meggie,Tolchar,,Non-binary,218.57.72.201
99,Camilla,O'Glessane,coglessane2q@simplemachines.org,Female,168.45.99.39
100,Moreen,Chorlton,mchorlton2r@archive.org,Female,220.69.17.155
101,Curran,Casa,,Male,58.181.86.31
102,Wilfrid,Purcer,wpurcer2t@mysql.com,Male,115.53.216.109
103,Heindrick,Belhomme,hbelhomme2u@gmpg.org,Male,207.152.49.128
104,Kirby,Hosier,khosier2v@guardian.co.uk,Non-binary,55.65.74.218
105,Tricia,MacKibbon,tmackibbon2w@baidu.com,Female,109.229.47.152
106,Hew,Chaddock,,Male,45.132.174.246
107,Dolly,Cullinane,dcullinane2y@comsenz.com,Female,35.13.178.48
108,Debee,Payler,dpayler2z@dion.ne.jp,Polygender,205.6.155.76
109,Charmion,Fessler,cfessler30@amazon.de,Female,136.145.50.83
110,Lynsey,Staines,lstaines31@ning.com,Female,164.38.135.108
111,Antone,Olivier,aolivier32@forbes.com,Male,107.228.134.245
112,Oates,Magnus,,Male,255.85.93.249
113,Lindy,Halifax,lhalifax34@rambler.ru,Male,28.106.219.67
114,Garry,Larver,glarver35@walmart.com,Male,147.7.33.38
115,Hiram,Fleischmann,hfleischmann36@etsy.com,Male,
116,Davon,Jepp,,Male,140.212.149.75
117,Ragnar,Scattergood,rscattergood38@1und1.de,Male,142.240.149.203
118,Mignon,Plaid,,Female,74.63.62.155
119,Napoleon,Milligan,nmilligan3a@amazon.co.jp,Male,83.178.183.211
120,Kirsti,Najera,knajera3b@topsy.com,Female,213.201.217.182
121,Mei,Zellmer,mzellmer3c@fema.gov,Female,121.157.30.225
122,Darbee,Hinge,dhinge3d@comcast.net,Non-binary,174.194.118.181
123,Gigi,Beric,gberic3e@wix.com,Female,218.174.182.191
124,Danica,Latour,dlatour3f@xing.com,Genderqueer,80.180.235.44
125,Roy,Ivanovic,rivanovic3g@hao123.com,Non-binary,
126,Phip,Smerdon,psmerdon3h@newsvine.com,Male,61.134.180.192
127,Zaneta,Scroxton,zscroxton3i@diigo.com,Female,146.30.203.140
128,Lesley,Cartman,lcartman3j@intel.com,Female,189.48.45.234
129,Lewie,Bird,lbird3k@discuz.net,Male,156.159.248.227
130,Cobb,Prise,cprise3l@huffingtonpost.com,Male,11.50.192.254
131,Lira,Couch,lcouch3m@discovery.com,Female,46.207.63.126
132,Emilie,Hender,ehender3n@cornell.edu,Female,100.130.251.53
133,Waldemar,Krier,wkrier3o@craigslist.org,Male,195.9.3.190
134,Maia,Drust,mdrust3p@sphinn.com,Female,77.61.93.126
135,Annabela,Harlett,aharlett3q@blogspot.com,Female,228.205.12.10
136,Thedric,Aberkirdo,taberkirdo3r@instagram.com,Male,
137,Gareth,Lensch,,Male,102.186.51.26
138,Kelbee,Eggerton,,Male,100.112.47.5
139,Datha,Bawdon,dbawdon3u@istockphoto.com,Agender,191.225.224.20
140,Algernon,Starkey,astarkey3v@accuweather.com,Male,59.140.34.97
141,Caesar,Oattes,coattes3w@ebay.com,Male,125.196.213.56
142,Marla,Creevy,mcreevy3x@archive.org,Female,89.17.245.150
143,Amitie,Lavell,alavell3y@usda.gov,Female,119.192.64.102
144,Liv,Fosh,lfosh3z@ning.com,Female,74.67.182.185
145,Marietta,Mears,mmears40@topsy.com,Male,50.241.66.142
146,Yvette,Basler,ybasler41@naver.com,Female,90.19.11.152
147,Lilias,Spearett,lspearett42@chron.com,Female,7.55.177.164
148,Inga,Wybourne,iwybourne43@psu.edu,Female,128.12.199.32
149,Devinne,Connold,dconnold44@soundcloud.com,Female,168.84.252.19
150,Averil,Cuffin,acuffin45@home.pl,Agender,20.143.87.231
151,Regan,McGillicuddy,rmcgillicuddy46@census.gov,Male,52.101.57.233
152,Penny,Banton,pbanton47@npr.org,Male,27.35.72.55
153,Dene,Renon,drenon48@slideshare.net,Male,49.145.97.151
154,Josiah,Rubenczyk,jrubenczyk49@digg.com,Male,102.162.169.128
155,Janelle,Wasmuth,jwasmuth4a@jiathis.com,Genderfluid,
156,Laverna,Hollow,lhollow4b@google.nl,Female,57.116.51.119
157,Janith,McGeachie,jmcgeachie4c@vimeo.com,Female,123.247.39.90
158,Agnes,Hegg,ahegg4d@ucsd.edu,Female,95.148.52.220
159,Clarine,Machon,cmachon4e@webeden.co.uk,Female,229.183.184.42
160,Elli,Gounod,egounod4f@dailymotion.com,Female,218.130.4.235
161,Fraze,Sigart,,Male,147.150.147.197
162,Angelo,Balloch,aballoch4h@blogger.com,Male,
163,Candy,d' Eye,cdeye4i@meetup.com,Female,100.221.248.69
164,Alexei,Heading,aheading4j@cyberchimps.com,Male,13.67.123.27
165,Melodee,Monk,,Female,210.68.214.52
166,Marrilee,Fance,mfance4l@icq.com,Female,159.152.120.39
167,Tommi,Longcake,,Female,202.78.137.163
168,Zulema,Leveridge,zleveridge4n@weebly.com,Female,9.99.233.216
169,Khalil,Chaff,,Male,189.162.9.101
170,Ynez,Drynan,ydrynan4p@mit.edu,Female,212.149.223.201
171,Zed,Cowen,zcowen4q@oaic.gov.au,Male,68.127.109.54
172,Livia,Cholmondeley,lcholmondeley4r@tinyurl.com,Female,215.132.8.55
173,Yorgo,Umpleby,yumpleby4s@thetimes.co.uk,Male,36.166.52.223
174,Fairleigh,Greatrex,fgreatrex4t@vimeo.com,Male,55.241.213.148
175,Fonsie,Benmore,fbenmore4u@freewebs.com,Male,128.133.47.138
176,Patsy,Brian,,Male,113.137.144.119
177,Trent,Yakubovics,tyakubovics4w@zimbio.com,Male,80.114.94.113
178,Durante,Crumly,,Male,98.230.21.244
179,Vittoria,Mixhel,,Female,30.68.170.37
180,Eugenia,Darnborough,edarnborough4z@discovery.com,Female,233.9.223.93
181,Elijah,Buttriss,ebuttriss50@twitpic.com,Male,114.120.1.151
182,Constantine,Baumler,cbaumler51@newsvine.com,Male,162.247.120.201
183,Franciskus,Jacobowits,fjacobowits52@toplist.cz,Male,
184,Gery,Betjeman,,Male,250.52.254.240
185,Guthrey,Twigge,,Male,197.21.70.21
186,Harlie,Reith,,Female,59.184.66.120
187,Archie,Attree,aattree56@slideshare.net,Male,220.204.240.194
188,Bernie,Keniwell,bkeniwell57@elegantthemes.com,Female,82.90.228.197
189,Virgilio,Trench,vtrench58@webnode.com,Male,1.67.45.159
190,Herschel,Stanger,,Male,98.99.3.13
191,Irene,Sconce,isconce5a@google.de,Female,229.108.0.7
192,Lucien,Davydoch,,Male,251.56.163.118
193,Zebadiah,Figgures,zfiggures5c@taobao.com,Bigender,90.79.204.234
194,Janel,Ludewig,jludewig5d@csmonitor.com,Female,130.185.179.204
195,Asher,Fielding,afielding5e@comsenz.com,Male,48.114.158.153
196,Katalin,Harvard,kharvard5f@mozilla.org,Female,22.232.44.80
197,Conrad,McCarle,cmccarle5g@biblegateway.com,Male,71.184.27.131
198,Antonie,Beaston,abeaston5h@ehow.com,Female,116.21.153.246
199,Neddy,Frankiewicz,,Male,109.122.186.248
200,Drucie,Kunrad,dkunrad5j@accuweather.com,Genderfluid,37.9.117.67
201,Phillie,Everal,peveral5k@cbc.ca,Female,127.161.179.182
202,Joseph,Feltham,jfeltham5l@w3.org,Male,219.18.185.110
203,Audra,Ashman,aashman5m@instagram.com,Female,231.221.164.162
204,Kareem,Hindrich,khindrich5n@quantcast.com,Polygender,104.255.75.106
205,Adan,Beamond,abeamond5o@google.co.jp,Male,121.210.240.215
206,Laney,Glen,lglen5p@economist.com,Male,128.38.227.27
207,Elke,Hoy,,Female,114.6.181.13
208,Andria,Hamly,ahamly5r@nyu.edu,Female,49.75.67.54
209,Barron,Filippyev,bfilippyev5s@ning.com,Non-binary,197.163.157.230
210,Ted,Denty,tdenty5t@reference.com,Female,13.139.71.63
211,Lorinda,Tindall,ltindall5u@google.pl,Female,74.202.220.151
212,Gloriana,Goodboddy,ggoodboddy5v@nba.com,Female,238.9.134.89
213,Cyrille,Brotheridge,cbrotheridge5w@ted.com,Male,73.90.108.40
214,Madeline,McCracken,mmccracken5x@gnu.org,Female,24.208.248.192
215,Kare,Goudie,kgoudie5y@walmart.com,Agender,212.158.166.114
216,Clarabelle,Grellis,cgrellis5z@weebly.com,Female,113.38.183.251
217,Yanaton,Hannam,yhannam60@dion.ne.jp,Male,24.114.17.233
218,Allix,Donisthorpe,adonisthorpe61@go.com,Female,234.31.140.6
219,Gregorius,Cargo,gcargo62@plala.or.jp,Male,49.173.29.179
220,Tammy,Goede,,Female,185.226.138.50
221,Gay,Bates,gbates64@wsj.com,Female,85.202.81.121
222,Steffie,Kupper,skupper65@google.com,Female,225.130.254.181
223,Rosabel,Orwell,rorwell66@1und1.de,Female,31.114.152.186
224,Efren,Schultze,eschultze67@phpbb.com,Male,21.189.206.60
225,Abeu,Litel,alitel68@ask.com,Male,177.128.189.120
226,Gwenneth,Triebner,gtriebner69@elpais.com,Genderfluid,93.239.202.195
227,Rubina,Cancellario,,Female,197.55.128.61
228,Ailey,Wyper,awyper6b@edublogs.org,Female,133.57.92.136
229,Hartwell,Lovering,hlovering6c@wikipedia.org,Male,23.62.211.21
230,Johannes,De Maine,jdemaine6d@acquirethisname.com,Male,13.61.29.54
231,Winfred,Verrick,wverrick6e@sohu.com,Male,50.15.125.55
232,Kimberley,Smorthwaite,ksmorthwaite6f@linkedin.com,Agender,55.27.209.187
233,Cart,Wolford,cwolford6g@t-online.de,Male,27.203.217.199
234,Verile,Crowth,vcrowth6h@arstechnica.com,Female,10.136.96.61
235,Stephannie,Clardge,sclardge6i@chron.com,Female,249.231.214.151
236,Loella,Crissil,lcrissil6j@fastcompany.com,Female,224.25.32.186
237,Bard,Dillingham,bdillingham6k@netvibes.com,Male,25.147.115.152
238,Georgie,Dahlback,gdahlback6l@fda.gov,Male,189.29.9.46
239,Pail,Shipton,pshipton6m@theatlantic.com,Male,88.96.2.54
240,Jamaal,Murthwaite,,Genderqueer,45.124.250.28
241,Bunnie,Gainsboro,bgainsboro6o@rediff.com,Female,145.109.94.125
242,Udell,Jeakins,ujeakins6p@mac.com,Male,218.91.164.91
243,Arnuad,Broggelli,abroggelli6q@delicious.com,Genderqueer,1.49.30.52
244,Dimitri,Terbeck,dterbeck6r@redcross.org,Male,34.242.206.11
245,Lock,Shetliff,lshetliff6s@hud.gov,Male,76.235.47.211
246,Laryssa,Dreakin,,Female,0.43.30.185
247,Phyllida,Nizet,pnizet6u@about.com,Female,39.237.198.6
248,Rabi,Emsden,remsden6v@shinystat.com,Male,50.167.169.163
249,Frayda,Dudin,fdudin6w@spotify.com,Female,132.40.178.12
250,Nedi,Apdell,napdell6x@fda.gov,Female,32.27.201.221
251,Ariadne,Pattle,apattle6y@xing.com,Female,103.169.116.68
252,Sonia,Emmet,,Female,212.24.244.158
253,Claire,Muir,cmuir70@google.com.au,Male,18.100.110.190
254,Taite,Stonham,,Male,248.28.7.16
255,Joannes,Baptie,jbaptie72@phoca.cz,Female,30.249.253.7
256,Ricoriki,Sproul,rsproul73@icq.com,Male,133.197.63.62
257,Amil,Loalday,aloalday74@eventbrite.com,Female,94.48.3.222
258,Elliott,Dimbleby,edimbleby75@addthis.com,Male,51.216.149.36
259,Dionne,Matzl,,Female,91.103.121.59
260,Almeda,Kuhnert,akuhnert77@wordpress.org,Female,58.103.89.41
261,Antoinette,McElvogue,amcelvogue78@bandcamp.com,Female,160.0.117.22
262,Zerk,Scarbarrow,zscarbarrow79@icq.com,Male,138.101.211.107
263,Gene,Lonie,glonie7a@bloglines.com,Male,228.1.160.255
264,Con,Kemm,ckemm7b@eepurl.com,Female,148.22.229.18
265,Francis,Galland,,Male,236.40.171.227
266,Hendrika,Wilbore,hwilbore7d@nature.com,Female,236.20.37.254
267,Row,Pilley,rpilley7e@nyu.edu,Female,173.241.179.202
268,Brnaba,Guile,bguile7f@redcross.org,Male,198.13.223.214
269,Sollie,Rootham,,Male,235.90.189.100
270,Krystle,Furze,kfurze7h@cnbc.com,Female,52.31.129.80
271,Vania,Mingardi,vmingardi7i@seattletimes.com,Female,213.50.183.26
272,Clementia,Tizard,ctizard7j@mapquest.com,Female,149.99.244.132
273,Chicky,Eagleston,ceagleston7k@guardian.co.uk,Female,115.235.54.5
274,Roshelle,Courcey,rcourcey7l@zimbio.com,Female,190.74.117.82
275,Carleen,Mitchely,,Female,145.136.17.190
276,Jeromy,Adlem,jadlem7n@gmpg.org,Male,76.29.74.103
277,Ruggiero,Hidderley,rhidderley7o@slate.com,Male,117.17.168.140
278,Nananne,Catford,ncatford7p@furl.net,Female,146.217.226.106
279,Angus,Itzcak,aitzcak7q@livejournal.com,Male,6.121.34.149
280,Jacquenette,Rubenov,jrubenov7r@tripod.com,Female,146.121.139.212
281,Dana,Scaplehorn,dscaplehorn7s@comsenz.com,Male,37.61.19.138
282,Suzie,Royans,sroyans7t@miibeian.gov.cn,Genderqueer,150.230.190.47
283,Lay,Gaskall,lgaskall7u@sun.com,Male,69.191.126.155
284,Hersch,Eagell,heagell7v@goo.ne.jp,Male,4.79.10.171
285,Kayla,Fitch,kfitch7w@histats.com,Non-binary,151.221.12.54
286,Jared,Nightingale,jnightingale7x@twitpic.com,Genderqueer,35.191.196.79
287,Evelyn,Anstis,,Male,85.253.110.227
288,Merrel,Mundle,mmundle7z@hao123.com,Male,64.172.226.25
289,Debra,Clarke,dclarke80@utexas.edu,Female,185.6.146.17
290,Gregg,Popley,gpopley81@blog.com,Bigender,55.193.117.154
291,Leroy,Warret,lwarret82@answers.com,Male,98.104.112.46
292,Bertrando,Tye,btye83@un.org,Bigender,210.227.123.221
293,Patric,Devany,pdevany84@sbwire.com,Male,105.132.226.216
294,Angelina,Draxford,,Female,161.187.156.48
295,Stevy,Mannix,,Male,19.209.238.251
296,Sylvester,Orange,sorange87@nsw.gov.au,Male,231.24.238.10
297,Irina,Stanistreet,istanistreet88@bloglines.com,Female,153.225.54.88
298,Nicoline,Kavanagh,nkavanagh89@mozilla.org,Female,132.18.197.143
299,Donalt,O'Kelly,,Polygender,223.54.235.251
300,Alexio,Brogan,abrogan8b@oaic.gov.au,Male,152.151.136.144
301,Forester,Longforth,flongforth8c@berkeley.edu,Male,81.85.9.224
302,Zachariah,Bidewel,zbidewel8d@seattletimes.com,Male,8.222.73.62
303,Andromache,Cleverly,acleverly8e@hexun.com,Female,253.178.105.139
304,Melvyn,Dunlop,mdunlop8f@wisc.edu,Male,223.158.12.11
305,Gabbie,Kuscha,gkuscha8g@twitter.com,Agender,50.34.17.80
306,Sutton,Crossley,scrossley8h@slashdot.org,Male,62.77.125.137
307,Beverly,Rosel,brosel8i@i2i.jp,Female,22.178.237.95
308,Beatrice,Bending,,Female,225.69.198.83
309,Nonah,Corringham,ncorringham8k@japanpost.jp,Female,
310,Harmonia,Wavish,hwavish8l@hubpages.com,Female,67.218.66.131
311,Barde,Compford,,Male,34.41.27.159
312,Britt,Regelous,bregelous8n@furl.net,Female,106.243.209.104
313,Martha,Mustin,,Polygender,52.199.231.239
314,Ivie,Perse,iperse8p@sfgate.com,Female,246.176.39.193
315,Mordecai,Erskin,merskin8q@cmu.edu,Male,130.43.249.186
316,Crista,Wiltshier,,Female,101.217.35.75
317,Libbie,Kedslie,,Female,80.0.241.92
318,Jany,Jendrusch,jjendrusch8t@free.fr,Female,229.160.245.142
319,Bertha,Rospars,brospars8u@nasa.gov,Female,
320,Cosimo,Lougheid,clougheid8v@a8.net,Male,204.98.161.26
321,Waneta,Rawll,wrawll8w@cocolog-nifty.com,Female,41.180.2.21
322,Elle,Dimeloe,edimeloe8x@springer.com,Female,101.185.54.57
323,Bidget,Denekamp,bdenekamp8y@census.gov,Female,112.184.72.195
324,Nicole,Landy,,Female,48.247.167.29
325,Bartholomeus,Tethcote,btethcote90@washingtonpost.com,Male,36.161.92.102
326,Tailor,Cordelet,tcordelet91@icq.com,Male,102.5.137.141
327,Rudy,Dacombe,rdacombe92@geocities.jp,Male,113.49.248.113
328,Aurie,Barnsdall,abarnsdall93@a8.net,Female,25.244.122.39
329,Catha,Condit,ccondit94@utexas.edu,Female,126.131.85.79
330,Elysia,Forsyde,eforsyde95@fema.gov,Female,138.145.179.124
331,Eldredge,Sterrie,esterrie96@hostgator.com,Male,109.239.93.156
332,Giles,Eagleston,,Genderfluid,151.99.137.43
333,Cristen,Beautyman,,Female,133.148.76.18
334,Sara-ann,Tirte,stirte99@bigcartel.com,Bigender,225.179.164.178
335,Cordy,Rentenbeck,crentenbeck9a@alibaba.com,Non-binary,73.82.16.177
336,Kit,Antosik,kantosik9b@discovery.com,Male,156.2.224.124
337,Davon,Clac,dclac9c@businessweek.com,Male,249.206.86.110
338,Glenn,Lubman,glubman9d@macromedia.com,Male,200.103.49.140
339,Nehemiah,Daburn,ndaburn9e@blogtalkradio.com,Male,203.179.224.121
340,Phineas,Copestake,,Male,29.233.96.243
341,Liane,Mellonby,lmellonby9g@nsw.gov.au,Female,191.108.104.81
342,Gui,Bartomeu,,Genderqueer,128.185.230.242
343,Demetris,Spire,dspire9i@cdc.gov,Male,160.55.90.219
344,Briant,Ginni,bginni9j@sohu.com,Male,119.19.160.31
345,Donna,Paoletto,,Female,176.63.245.151
346,Bessie,Faithorn,bfaithorn9l@i2i.jp,Female,226.5.243.116
347,Kathi,Tuny,ktuny9m@dot.gov,Female,134.149.116.33
348,Jeno,Pietri,,Male,184.78.169.149
349,Delbert,Orton,,Male,18.15.52.192
350,Montgomery,Dibden,mdibden9p@amazon.com,Male,234.215.23.242
351,Schuyler,Oloman,soloman9q@com.com,Male,209.212.110.202
352,Kikelia,McLaggan,kmclaggan9r@hibu.com,Female,247.242.144.141
353,Rozanna,Slay,rslay9s@miitbeian.gov.cn,Female,94.224.180.100
354,Vern,Nancekivell,vnancekivell9t@domainmarket.com,Male,54.185.19.239
355,Elia,Puttick,,Polygender,137.137.137.91
356,Magdalene,MacDougal,mmacdougal9v@yellowpages.com,Agender,246.103.27.176
357,Halie,Benneton,hbenneton9w@sourceforge.net,Female,167.80.255.224
358,Cathryn,Edy,cedy9x@addtoany.com,Female,201.178.185.199
359,Zebulon,Fagge,zfagge9y@yandex.ru,Male,116.23.7.149
360,Anallese,Sprouls,,Female,20.30.103.132
361,Darn,Flaunders,dflaundersa0@google.es,Male,160.146.65.30
362,Freida,Kenway,fkenwaya1@studiopress.com,Female,22.59.25.58
363,Oren,Simmings,osimmingsa2@mit.edu,Male,103.224.26.57
364,Nefen,Abramov,nabramova3@zdnet.com,Male,162.220.245.153
365,Norine,Kinnett,nkinnetta4@sfgate.com,Female,141.37.158.213
366,Dory,Witcherley,dwitcherleya5@yale.edu,Male,227.192.3.61
367,Seamus,Breagan,sbreagana6@shutterfly.com,Male,9.221.86.255
368,Bartel,Langmaid,blangmaida7@comsenz.com,Male,230.11.146.205
369,Jeniece,MacKaig,jmackaiga8@ebay.com,Female,26.92.210.14
370,Anton,MacAndie,amacandiea9@goo.gl,Male,234.159.171.178
371,Marya,Villaron,mvillaronaa@theguardian.com,Female,91.212.139.244
372,Nanete,Krollman,nkrollmanab@cisco.com,Female,3.183.57.208
373,Cecilio,Schirok,cschirokac@lulu.com,Male,221.99.51.6
374,Ogdon,Caswill,ocaswillad@alexa.com,Male,172.4.114.124
375,Iver,Bandt,ibandtae@sciencedaily.com,Bigender,244.174.26.64
376,Hannah,Paulig,hpauligaf@mac.com,Female,249.230.84.213
377,Cristine,Loynton,cloyntonag@yolasite.com,Non-binary,40.99.121.216
378,Eydie,Iaduccelli,eiaduccelliah@bbb.org,Female,126.35.238.148
379,Brinn,Capozzi,bcapozziai@feedburner.com,Genderfluid,194.162.125.190
380,Ashil,Gooddie,agooddieaj@w3.org,Female,254.133.254.243
381,Genna,Syalvester,gsyalvesterak@feedburner.com,Female,185.181.42.98
382,Clare,Deakan,cdeakanal@printfriendly.com,Male,95.178.168.32
383,Duane,O'Kuddyhy,dokuddyhyam@nasa.gov,Male,165.149.152.17
384,Forester,Debold,,Male,179.188.178.81
385,Donaugh,Posnette,dposnetteao@microsoft.com,Polygender,152.78.247.200
386,Barbee,Conew,bconewap@yale.edu,Female,101.61.96.32
387,Fremont,Degg,,Male,253.246.145.190
388,Gabriela,Stroban,gstrobanar@t-online.de,Bigender,
389,Lacee,Halls,lhallsas@state.gov,Female,27.153.57.182
390,Jock,Ricson,jricsonat@tmall.com,Male,37.74.95.131
391,Yvette,Poad,ypoadau@skyrock.com,Female,84.53.188.249
392,Ingamar,Swarbrick,iswarbrickav@joomla.org,Male,206.124.183.218
393,Amanda,Bickell,abickellaw@imdb.com,Female,66.75.214.158
394,Even,Rigler,,Male,156.150.172.195
395,Meridith,Arnison,marnisonay@e-recht24.de,Female,214.49.158.197
396,Carrissa,Pollock,cpollockaz@domainmarket.com,Bigender,22.26.87.93
397,Appolonia,Pettinger,apettingerb0@wufoo.com,Female,178.79.11.12
398,Nap,Cordero,ncorderob1@sciencedaily.com,Male,200.166.32.8
399,Herman,Landon,hlandonb2@archive.org,Male,93.60.111.120
400,Ike,Rao,iraob3@sourceforge.net,Polygender,235.139.45.227
401,Obidiah,Leglise,,Male,23.172.70.68
402,Kym,Serraillier,kserraillierb5@123-reg.co.uk,Female,164.230.37.163
403,Lindsey,Dorant,ldorantb6@fc2.com,Male,163.113.69.99
404,Elias,Tourmell,etourmellb7@techcrunch.com,Male,8.80.154.183
405,Vonnie,Pietruszka,,Female,61.200.125.25
406,Skipper,Audley,saudleyb9@patch.com,Male,30.0.79.209
407,Ilse,Dedmam,idedmamba@miitbeian.gov.cn,Female,78.162.164.112
408,Elane,Cleaver,ecleaverbb@nytimes.com,Female,43.199.120.243
409,Luis,Chance,,Male,78.88.173.102
410,Jeni,Bragge,jbraggebd@clickbank.net,Female,
411,Daren,Mellers,dmellersbe@slashdot.org,Male,124.209.72.38
412,Arley,Rheam,arheambf@canalblog.com,Male,230.217.224.115
413,Charo,Clifford,ccliffordbg@apache.org,Female,112.40.87.65
414,Becka,Jaksic,bjaksicbh@com.com,Agender,122.216.61.15
415,Anette,Eatock,aeatockbi@yellowpages.com,Female,245.158.97.228
416,Marietta,Spence,mspencebj@mozilla.org,Female,118.86.229.59
417,Weber,Pruckner,wprucknerbk@netlog.com,Male,116.180.166.34
418,Rudiger,Mussettini,rmussettinibl@ask.com,Male,38.32.174.211
419,Olivette,Brandel,obrandelbm@yelp.com,Female,146.112.210.160
420,Noble,Mickleburgh,nmickleburghbn@statcounter.com,Male,10.119.178.4
421,Thea,Aslet,,Female,69.164.39.94
422,Daisi,Fireman,dfiremanbp@dagondesign.com,Female,238.70.13.21
423,Kesley,Hadlee,khadleebq@mlb.com,Female,216.139.174.102
424,Rozamond,Momery,rmomerybr@soup.io,Female,229.43.29.234
425,Myrtle,Locock,mlocockbs@issuu.com,Female,61.175.241.204
426,Germain,Hacquel,ghacquelbt@telegraph.co.uk,Male,23.209.193.59
427,Fritz,Massow,fmassowbu@opensource.org,Male,107.133.105.1
428,Lefty,Commander,,Male,121.226.25.195
429,Angelo,Candwell,acandwellbw@gizmodo.com,Male,212.128.251.183
430,Frederigo,Woltering,fwolteringbx@google.com.br,Male,85.21.2.156
431,Adolph,Jaques,ajaquesby@smh.com.au,Male,49.219.48.204
432,Valentijn,Cadalleder,vcadallederbz@g.co,Male,105.86.69.201
433,Devin,Firsby,dfirsbyc0@macromedia.com,Female,167.10.100.47
434,Frasquito,Ownsworth,fownsworthc1@businessweek.com,Male,223.188.245.107
435,Austen,Renwick,arenwickc2@jimdo.com,Male,5.156.200.134
436,Marj,Willison,mwillisonc3@cbsnews.com,Female,232.7.38.36
437,Ruthi,Corre,,Female,169.243.116.132
438,Nolana,Dwyer,ndwyerc5@123-reg.co.uk,Female,181.138.30.112
439,Ignaz,Vasyunichev,ivasyunichevc6@list-manage.com,Male,
440,Asia,Cowpland,acowplandc7@baidu.com,Female,248.180.219.99
441,Brandon,Calbaithe,,Bigender,236.20.30.72
442,Rosabella,Gerant,,Agender,200.92.206.50
443,Moira,Raleston,mralestonca@wsj.com,Female,77.67.175.197
444,Norine,Hutton,nhuttoncb@pen.io,Female,67.243.248.84
445,Saunders,Ratley,sratleycc@prlog.org,Male,125.239.7.101
446,Bartlett,Bennion,bbennioncd@liveinternet.ru,Male,212.17.52.136
447,Cybill,Kose,ckosece@exblog.jp,Female,167.237.75.95
448,Tammy,Blockley,tblockleycf@globo.com,Male,241.22.188.249
449,Bernadene,Parram,bparramcg@stumbleupon.com,Female,237.132.210.29
450,Harp,Dufer,,Male,195.88.4.123
451,Skipper,Cisar,scisarci@nifty.com,Male,246.244.223.33
452,Adiana,Stannering,astanneringcj@hexun.com,Genderqueer,205.35.129.75
453,Agatha,Fishlee,afishleeck@vistaprint.com,Female,188.96.117.202
454,Betsy,Grindell,,Female,184.86.18.83
455,Ddene,Siret,dsiretcm@odnoklassniki.ru,Female,242.137.184.160
456,Junie,Gipson,jgipsoncn@desdev.cn,Female,234.61.77.111
457,Letizia,Fancott,lfancottco@dion.ne.jp,Female,19.79.196.125
458,Dulci,Tomkiss,dtomkisscp@washington.edu,Non-binary,159.183.216.90
459,Elmer,Suttaby,esuttabycq@cornell.edu,Male,169.201.219.246
460,Jere,Dunk,,Female,64.27.220.184
461,Chad,Conaboy,cconaboycs@mapquest.com,Male,73.231.154.139
462,Wolfie,Boundley,wboundleyct@hud.gov,Male,131.31.85.122
463,Roobbie,Mansbridge,rmansbridgecu@ucsd.edu,Female,107.73.3.204
464,Bobette,Eliasson,,Agender,218.253.96.25
465,Bradford,Cusack,bcusackcw@dailymotion.com,Male,186.160.82.193
466,Korie,Shelford,kshelfordcx@chicagotribune.com,Female,
467,Clarance,Pritchitt,cpritchittcy@a8.net,Male,202.200.98.107
468,Roxi,Wike,rwikecz@tripadvisor.com,Female,125.73.179.104
469,Hilary,Cuardall,hcuardalld0@wunderground.com,Male,60.49.118.255
470,Jeddy,Geddes,jgeddesd1@bigcartel.com,Male,70.220.251.83
471,Valentin,Wardroper,vwardroperd2@naver.com,Male,231.232.240.15
472,Rainer,Mould,rmouldd3@mayoclinic.com,Male,
473,Hasty,Hansard,,Male,
474,Jedidiah,Mills,,Male,107.191.223.199
475,Lorne,Arpur,larpurd6@nsw.gov.au,Female,102.163.5.149
476,Laurice,Syseland,lsyselandd7@aboutads.info,Female,141.246.13.96
477,Selina,McWhorter,smcwhorterd8@geocities.jp,Agender,252.107.169.248
478,Anabelle,Siderfin,,Female,251.27.74.238
479,Codie,Phette,cphetteda@java.com,Female,119.40.45.42
480,Jennilee,Adkin,jadkindb@toplist.cz,Female,223.236.52.42
481,Ariadne,Bartolacci,abartolaccidc@google.fr,Female,186.150.53.231
482,Benny,Hexham,bhexhamdd@discovery.com,Male,55.133.3.26
483,Algernon,Kenealy,akenealyde@goodreads.com,Male,141.122.195.231
484,Herta,Tremain,htremaindf@nih.gov,Female,25.13.106.66
485,Leonie,Cressingham,lcressinghamdg@umich.edu,Female,216.77.221.170
486,Christal,McNish,cmcnishdh@hugedomains.com,Female,22.227.248.89
487,Lenard,Prine,lprinedi@examiner.com,Male,220.35.141.136
488,Julietta,Thackray,jthackraydj@goo.ne.jp,Female,203.93.31.252
489,Ronald,Gradly,rgradlydk@nymag.com,Male,173.71.23.66
490,Zechariah,Passo,zpassodl@163.com,Male,113.76.57.171
491,Nicol,Gobbet,ngobbetdm@cnn.com,Female,253.102.128.37
492,Merell,Corderoy,,Male,103.17.25.207
493,Zitella,Pentony,zpentonydo@loc.gov,Female,234.101.88.212
494,Mikel,Downing,,Male,97.103.223.114
495,Emlynn,Jankovic,ejankovicdq@auda.org.au,Female,254.176.46.5
496,Lenci,Crewes,lcrewesdr@spiegel.de,Male,76.50.124.158
497,Huberto,Raittie,,Male,147.88.229.50
498,Hewie,Fliege,hfliegedt@naver.com,Male,
499,Manfred,Whaites,mwhaitesdu@last.fm,Male,241.213.27.132
500,Brnaby,De Laspee,bdelaspeedv@rambler.ru,Male,128.149.172.110
501,Eustace,Allworthy,eallworthydw@wikimedia.org,Male,38.223.168.126
502,Nannette,Stebles,,Female,131.76.111.148
503,Persis,Mularkey,,Female,186.64.65.95
504,Arlen,Cromer,,Female,232.78.42.68
505,Shawna,Romanin,,Female,211.22.168.247
506,Siffre,Zorzi,szorzie1@dedecms.com,Male,130.16.68.193
507,Eugenia,Mougin,emougine2@cbc.ca,Female,32.226.123.35
508,Jae,Petrie,jpetriee3@theguardian.com,Male,133.73.24.157
509,Lyndy,Schwand,lschwande4@4shared.com,Female,206.110.82.143
510,Giuseppe,Simo,,Male,245.164.235.16
511,Julianna,Mallya,jmallyae6@csmonitor.com,Female,225.237.10.175
512,Madelin,Broadbridge,mbroadbridgee7@admin.ch,Female,120.240.228.113
513,Eveleen,Avramovitz,eavramovitze8@elegantthemes.com,Female,10.183.14.240
514,Peder,Hindhaugh,phindhaughe9@bbb.org,Male,56.86.95.150
515,Magnum,Haugg,,Male,22.192.249.190
516,Lisbeth,Juan,ljuaneb@mail.ru,Female,2.156.247.71
517,Leroi,Kloster,lklosterec@goo.ne.jp,Male,
518,Fannie,Bilt,fbilted@senate.gov,Non-binary,239.197.121.107
519,Dorine,Bisatt,dbisattee@nyu.edu,Female,8.249.201.155
520,Amelita,Gledhall,agledhallef@seesaa.net,Female,163.241.135.121
521,Doti,Olufsen,dolufseneg@yahoo.com,Bigender,191.240.197.5
522,Carolyne,Shergold,cshergoldeh@icq.com,Female,223.130.219.6
523,Urson,Hannond,uhannondei@1und1.de,Male,225.124.141.128
524,Leonid,Norcott,lnorcottej@archive.org,Male,79.196.108.29
525,Martyn,Lebel,mlebelek@sakura.ne.jp,Male,64.73.152.149
526,Deny,Gaskamp,dgaskampel@foxnews.com,Female,81.205.6.70
527,Powell,Simmonett,psimmonettem@dot.gov,Non-binary,59.159.3.20
528,Zolly,Bevis,zbevisen@quantcast.com,Male,29.70.248.128
529,Abigale,Point,apointeo@godaddy.com,Female,2.126.184.6
530,Livvy,Cubberley,,Female,56.20.149.13
531,Catherina,Barton,cbartoneq@unblog.fr,Polygender,26.28.80.136
532,Lexi,Jemmett,ljemmetter@usda.gov,Bigender,181.241.184.18
533,Nicola,Prendergrast,nprendergrastes@delicious.com,Female,141.64.140.117
534,Allard,MacTurlough,amacturloughet@simplemachines.org,Male,163.110.19.127
535,My,Cuerda,mcuerdaeu@bravesites.com,Male,16.86.163.40
536,Marquita,Eden,medenev@theglobeandmail.com,Genderqueer,121.91.53.185
537,Domenic,Guyot,dguyotew@theatlantic.com,Male,210.92.82.35
538,Sibel,Grewe,sgreweex@ask.com,Female,117.228.222.16
539,Olag,Gammons,ogammonsey@4shared.com,Male,162.216.8.100
540,Sari,Goldthorpe,,Female,129.54.81.142
541,Corliss,Riepl,crieplf0@spiegel.de,Female,188.222.0.202
542,Valera,Freiburger,vfreiburgerf1@cisco.com,Female,168.204.111.116
543,Wileen,Tomovic,wtomovicf2@cmu.edu,Female,26.254.47.162
544,Glyn,Coronado,,Female,80.4.236.95
545,Annadiane,Bagwell,abagwellf4@java.com,Female,139.95.29.229
546,Ardys,Pawson,apawsonf5@timesonline.co.uk,Female,127.67.97.178
547,Ermengarde,Larmuth,elarmuthf6@thetimes.co.uk,Female,200.46.155.147
548,Hugibert,Janodet,hjanodetf7@myspace.com,Male,208.37.81.221
549,Bourke,Pogue,bpoguef8@nymag.com,Male,44.165.20.47
550,Wren,Sloss,wslossf9@macromedia.com,Female,101.139.241.161
551,Dosi,Passion,dpassionfa@bbc.co.uk,Female,196.7.5.32
552,Freedman,Toothill,ftoothillfb@businesswire.com,Male,106.154.185.98
553,Reeba,Southerns,,Female,39.39.64.111
554,Clemens,Peddar,cpeddarfd@odnoklassniki.ru,Male,199.150.183.166
555,Cortie,Mendel,cmendelfe@google.co.jp,Male,209.42.219.73
556,Allie,Basketter,,Male,74.4.140.108
557,Inigo,Sherratt,isherrattfg@icio.us,Male,226.65.79.106
558,Lesley,Daelman,ldaelmanfh@discuz.net,Male,195.239.242.174
559,Desmond,Snadden,dsnaddenfi@cnet.com,Male,185.243.27.183
560,Ulrich,Tomasicchio,,Male,16.252.187.91
561,Quintin,Lightoller,qlightollerfk@is.gd,Agender,76.49.28.98
562,Dorie,Pead,dpeadfl@hugedomains.com,Male,209.128.123.206
563,Merrill,Flory,mfloryfm@ox.ac.uk,Male,106.76.245.94
564,Burton,Sturridge,bsturridgefn@barnesandnoble.com,Male,95.69.20.147
565,Yance,Aupol,,Male,49.111.177.84
566,Mendie,Rucklidge,mrucklidgefp@sphinn.com,Male,99.180.8.71
567,Raimundo,Wife,rwifefq@gmpg.org,Male,13.12.159.201
568,Nikolia,Saundercock,nsaundercockfr@stumbleupon.com,Female,78.130.113.199
569,Babbie,Goeff,bgoefffs@youku.com,Female,255.247.197.89
570,Bren,Le Friec,blefriecft@phpbb.com,Male,18.210.194.8
571,Farah,Giriardelli,,Female,54.89.152.173
572,Nora,Dyde,ndydefv@disqus.com,Female,108.235.73.152
573,Alric,Hayman,,Male,138.18.155.61
574,Suzette,Wilde,swildefx@nyu.edu,Female,98.225.235.206
575,Melinde,Kane,mkanefy@cmu.edu,Female,61.27.132.135
576,Wallis,Coopman,wcoopmanfz@huffingtonpost.com,Male,53.28.200.128
577,Orly,Mc Combe,omccombeg0@zdnet.com,Female,103.227.201.113
578,Ansley,Hacksby,ahacksbyg1@google.fr,Female,15.74.111.122
579,Gibb,Bruno,gbrunog2@netlog.com,Genderfluid,16.102.206.134
580,Bethena,Dullingham,bdullinghamg3@barnesandnoble.com,Female,216.70.42.47
581,Devonna,Berrisford,dberrisfordg4@bloomberg.com,Female,123.251.220.240
582,Bartolemo,McCaw,bmccawg5@google.com,Male,96.172.160.216
583,Barron,Catterill,,Male,184.77.28.222
584,Kimble,Cleminson,kcleminsong7@foxnews.com,Male,57.18.155.164
585,Barth,Canfer,bcanferg8@cloudflare.com,Male,101.240.43.225
586,Erina,Hardbattle,ehardbattleg9@tripod.com,Female,109.238.118.182
587,Rand,Dranfield,rdranfieldga@blogspot.com,Polygender,108.250.126.32
588,Flinn,Morffew,fmorffewgb@shinystat.com,Male,95.222.106.71
589,Zabrina,Corradini,zcorradinigc@nationalgeographic.com,Female,168.58.146.33
590,Dora,Lovstrom,dlovstromgd@prnewswire.com,Non-binary,104.170.247.219
591,Jessika,Haslock(e),,Female,50.44.184.121
592,Marylin,Ancliffe,mancliffegf@cdc.gov,Polygender,143.34.24.129
593,Kain,Kitchenham,,Polygender,67.11.71.161
594,Patti,Panting,ppantinggh@wikimedia.org,Genderqueer,134.162.64.46
595,Carroll,Curro,,Female,253.11.231.58
596,Gilburt,Sherston,,Male,49.72.94.32
597,Tudor,Denziloe,tdenziloegk@comcast.net,Male,227.166.94.116
598,Lidia,Whiting,lwhitinggl@blogtalkradio.com,Female,220.118.246.185
599,Trenna,Cranke,,Female,182.42.121.4
600,Laura,Beddow,lbeddowgn@joomla.org,Female,104.214.117.191
601,Reinwald,McDavid,rmcdavidgo@npr.org,Male,208.192.203.124
602,Alano,Dochon,,Male,56.16.213.48
603,Tonia,Strapp,tstrappgq@youku.com,Female,250.194.218.46
604,Michale,Hazlehurst,mhazlehurstgr@uiuc.edu,Male,142.197.165.232
605,Vevay,Szantho,vszanthogs@fema.gov,Female,88.182.192.103
606,Francesco,Phibb,fphibbgt@about.me,Male,48.97.32.126
607,Antonina,Mayberry,amayberrygu@reference.com,Female,60.79.250.61
608,Harlen,Perschke,,Male,219.234.38.80
609,Danny,Maskrey,dmaskreygw@ebay.co.uk,Male,242.45.150.64
610,Haydon,Slowey,hsloweygx@aol.com,Male,173.96.243.73
611,Raf,Pasfield,rpasfieldgy@cyberchimps.com,Female,55.163.221.154
612,Gus,Steddall,,Male,166.114.40.13
613,Gaven,Bligh,gblighh0@ocn.ne.jp,Male,33.190.201.66
614,Idaline,Schettini,ischettinih1@walmart.com,Female,109.4.135.80
615,Anya,McOrkil,amcorkilh2@photobucket.com,Female,148.247.146.237
616,Rhoda,Phillpotts,rphillpottsh3@smugmug.com,Female,192.148.226.241
617,Wallis,Le Clercq,wleclercqh4@github.io,Male,116.126.218.90
618,Sydelle,Vakhrushev,svakhrushevh5@apple.com,Genderfluid,25.203.102.165
619,Enriqueta,Rennie,erennieh6@washington.edu,Female,65.201.10.9
620,Jessey,Fance,,Male,22.240.86.53
621,Blanch,Mathieu,bmathieuh8@ca.gov,Female,199.19.241.105
622,Gavan,Seaman,gseamanh9@slate.com,Male,101.148.124.248
623,Stanwood,Oldfield-Cherry,soldfieldcherryha@lulu.com,Male,17.246.90.72
624,Lian,Collicott,lcollicotthb@1und1.de,Female,152.163.49.163
625,Gloriane,Sarrell,gsarrellhc@salon.com,Female,17.214.134.177
626,Zara,Wenden,zwendenhd@digg.com,Female,118.224.105.14
627,Rhianon,Toghill,rtoghillhe@fema.gov,Female,88.73.119.64
628,Cozmo,Sickamore,csickamorehf@bigcartel.com,Male,108.87.41.55
629,Margaretta,Jiracek,mjiracekhg@bloglovin.com,Non-binary,93.243.173.50
630,Wallace,Heaker,wheakerhh@prnewswire.com,Male,113.41.84.108
631,Dale,Weatherill,dweatherillhi@biglobe.ne.jp,Female,120.87.29.120
632,Kurtis,Niccolls,kniccollshj@google.es,Male,152.97.43.56
633,Elmore,Hannaford,ehannafordhk@smugmug.com,Male,221.106.162.24
634,Collie,Obin,,Female,198.62.129.27
635,Wynn,Pracy,wpracyhm@fastcompany.com,Male,93.113.151.43
636,Maxie,Broinlich,mbroinlichhn@comcast.net,Male,13.28.153.114
637,Tam,Joutapavicius,tjoutapaviciusho@usatoday.com,Male,88.83.14.232
638,Emmott,Smillie,esmilliehp@timesonline.co.uk,Male,255.131.38.137
639,Eloise,Forber,,Female,106.50.114.229
640,Kristoforo,Glen,kglenhr@sun.com,Male,142.4.186.87
641,Jackie,Baldree,jbaldreehs@woothemes.com,Polygender,239.38.201.221
642,Selia,Goodings,sgoodingsht@springer.com,Female,196.198.209.70
643,Ardith,Hinken,ahinkenhu@ezinearticles.com,Female,246.227.70.132
644,Marlane,Jikovsky,,Female,222.245.194.7
645,Delano,Conrart,dconrarthw@berkeley.edu,Male,96.81.153.119
646,Natale,Brewin,nbrewinhx@fema.gov,Male,129.130.24.59
647,Sheri,Scarce,sscarcehy@eventbrite.com,Female,88.6.107.176
648,Tucker,Poor,tpoorhz@amazon.co.jp,Male,169.48.83.145
649,Hannah,Wingar,hwingari0@salon.com,Female,236.102.168.22
650,Ronnica,Maybery,rmayberyi1@examiner.com,Female,
651,Bailie,Wordley,bwordleyi2@army.mil,Male,49.225.143.189
652,Moe,Piborn,mpiborni3@nsw.gov.au,Male,80.118.66.77
653,Dania,Bowkley,,Female,119.209.179.80
654,Halley,Cartman,hcartmani5@blinklist.com,Non-binary,170.9.153.253
655,Elane,Crevy,ecrevyi6@miibeian.gov.cn,Female,240.37.49.59
656,Bartolomeo,Stow,bstowi7@hc360.com,Male,236.115.60.183
657,Judy,Caldera,jcalderai8@yellowpages.com,Female,225.163.156.188
658,Alain,Gianetti,agianettii9@ca.gov,Male,191.194.166.140
659,Marcelline,Conduit,mconduitia@merriam-webster.com,Female,243.18.216.79
660,Charla,MacNulty,cmacnultyib@mac.com,Female,219.147.226.16
661,Leona,Duly,ldulyic@etsy.com,Female,236.250.18.215
662,Lazare,Martello,lmartelloid@hibu.com,Male,115.208.153.181
663,Davy,Dight,ddightie@cbslocal.com,Male,168.92.162.46
664,Laryssa,Fantone,lfantoneif@bizjournals.com,Non-binary,137.110.117.100
665,Augusto,Cholonin,,Male,122.1.88.124
666,Madelaine,Lathwell,mlathwellih@auda.org.au,Female,140.202.166.31
667,Sadella,Peet,speetii@bizjournals.com,Female,12.149.255.146
668,Philippe,Czajka,,Female,209.159.204.116
669,Dimitri,Rickeard,drickeardik@domainmarket.com,Male,18.6.251.210
670,Diane,Kitchin,,Female,65.224.63.155
671,Leontine,Habishaw,lhabishawim@google.com,Female,235.41.220.40
672,Miquela,Reagan,mreaganin@de.vu,Female,187.179.31.111
673,Patsy,Dubique,pdubiqueio@ebay.co.uk,Male,68.72.198.55
674,Rikki,Leppingwell,rleppingwellip@clickbank.net,Male,30.182.199.19
675,Val,Alpine,valpineiq@blog.com,Female,171.197.80.40
676,Herve,Filler,hfillerir@gov.uk,Male,53.122.83.101
677,Brena,Ungaretti,bungarettiis@harvard.edu,Polygender,95.237.98.65
678,Clarence,Burnhill,cburnhillit@google.pl,Male,85.50.223.210
679,Dulci,Pasby,dpasbyiu@wisc.edu,Female,85.12.149.239
680,Helena,Weigh,hweighiv@alibaba.com,Female,201.54.223.22
681,Xever,Saphir,xsaphiriw@sfgate.com,Male,214.35.232.183
682,Bernadina,Bellefant,bbellefantix@over-blog.com,Female,209.83.210.126
683,Hilda,Tallyn,htallyniy@microsoft.com,Female,141.221.39.25
684,Shae,Graveney,sgraveneyiz@elegantthemes.com,Male,97.31.113.41
685,Arlyn,Maharry,amaharryj0@sciencedaily.com,Polygender,12.106.214.245
686,Tanner,Berzon,tberzonj1@tiny.cc,Male,74.24.122.163
687,Pierrette,Franz-Schoninger,,Female,196.64.183.100
688,Mitchael,Harrold,mharroldj3@princeton.edu,Male,105.215.136.131
689,Marina,Goodyer,mgoodyerj4@rediff.com,Female,199.49.190.85
690,Jarrid,Gisbye,jgisbyej5@tiny.cc,Male,105.159.60.242
691,Arleyne,Soot,asootj6@nbcnews.com,Female,116.16.103.48
692,Erda,Merington,emeringtonj7@networksolutions.com,Female,171.22.47.255
693,Cary,Bill,cbillj8@woothemes.com,Genderfluid,166.135.243.194
694,Cherilyn,Morrison,cmorrisonj9@businessinsider.com,Female,206.106.141.139
695,Cathlene,Barnfield,cbarnfieldja@scientificamerican.com,Polygender,118.27.161.21
696,Mellisa,Aizkovitch,maizkovitchjb@blogspot.com,Genderfluid,89.22.192.7
697,Egon,Kirsch,ekirschjc@netlog.com,Male,246.201.41.244
698,Estel,Wellstood,ewellstoodjd@google.it,Female,54.79.169.196
699,Francine,Chrishop,fchrishopje@jigsy.com,Female,108.216.2.163
700,Madel,Lalonde,mlalondejf@sakura.ne.jp,Female,147.229.4.124
701,Shirleen,Gorwood,sgorwoodjg@acquirethisname.com,Non-binary,209.66.10.161
702,Cam,Ciciari,cciciarijh@shutterfly.com,Female,194.188.59.161
703,Mel,Sheahan,msheahanji@craigslist.org,Male,161.212.89.27
704,Giraud,Witchalls,gwitchallsjj@jalbum.net,Male,81.123.64.96
705,Morton,Vigars,mvigarsjk@booking.com,Male,228.162.200.251
706,Shermie,Mussilli,smussillijl@hostgator.com,Male,69.5.154.87
707,Chelsea,Cranmore,,Female,
708,Tirrell,Snowling,,Male,184.37.245.163
709,Karoline,Tims,ktimsjo@mail.ru,Female,136.227.255.167
710,Valeda,Cherrie,vcherriejp@smugmug.com,Female,245.78.86.252
711,Toni,Welfair,twelfairjq@alibaba.com,Female,253.76.3.206
712,Ellie,Jencey,ejenceyjr@shinystat.com,Female,234.53.161.62
713,Maryellen,Filipyev,mfilipyevjs@un.org,Female,216.250.116.198
714,Madison,Rabidge,mrabidgejt@blinklist.com,Male,251.185.104.255
715,Carry,Addicote,caddicoteju@toplist.cz,Female,88.16.92.190
716,Madelyn,Redwood,mredwoodjv@cpanel.net,Female,186.178.234.70
717,Mona,Thunnerclef,mthunnerclefjw@hp.com,Female,142.181.73.9
718,Teressa,Jobbins,tjobbinsjx@fotki.com,Female,89.164.145.17
719,Babbette,Eliasson,,Female,215.16.218.85
720,Dillie,Brasher,dbrasherjz@chicagotribune.com,Male,198.109.122.244
721,Sherilyn,Murfett,,Female,3.190.44.81
722,Lowell,MacGarrity,lmacgarrityk1@businessinsider.com,Male,
723,Skip,Cantillon,scantillonk2@unblog.fr,Male,215.120.171.204
724,Eugenia,Kittle,,Female,185.194.108.27
725,Harlie,Sorbie,hsorbiek4@nsw.gov.au,Female,52.217.219.247
726,Samson,Bubbings,sbubbingsk5@photobucket.com,Male,1.98.25.51
727,Sly,Farebrother,sfarebrotherk6@state.gov,Male,205.74.3.54
728,Inna,Gillicuddy,igillicuddyk7@statcounter.com,Female,44.40.47.54
729,Laurella,Sadry,lsadryk8@goodreads.com,Female,40.96.4.179
730,Gardy,Odgers,godgersk9@biblegateway.com,Male,122.178.24.213
731,Davidde,Figgen,dfiggenka@booking.com,Male,7.90.1.207
732,Kirsten,Barwack,kbarwackkb@twitter.com,Female,56.128.78.129
733,Meir,Ruckhard,mruckhardkc@washingtonpost.com,Male,10.36.96.57
734,Franz,Bilby,fbilbykd@xrea.com,Male,26.224.94.142
735,Sergent,January 1st,sjanuarystke@theguardian.com,Male,
736,Meir,ducarme,mducarmekf@loc.gov,Male,11.17.96.80
737,Allsun,Barhem,abarhemkg@altervista.org,Female,87.84.18.212
738,Brendan,Buer,bbuerkh@adobe.com,Male,39.228.133.7
739,Darcee,Portal,,Female,185.72.210.168
740,Devland,Walrond,dwalrondkj@xrea.com,Male,39.63.221.226
741,Teodoro,Reddy,treddykk@themeforest.net,Male,81.227.34.35
742,Quintin,Cromly,qcromlykl@indiegogo.com,Non-binary,59.215.95.72
743,Ware,Lionel,,Male,235.86.16.154
744,Xymenes,Fransman,xfransmankn@ed.gov,Male,43.73.121.4
745,Forrest,Wassell,fwassellko@google.pl,Male,67.203.58.239
746,Ezra,Sainsbury-Brown,esainsburybrownkp@ameblo.jp,Male,177.206.74.120
747,Harv,Leiden,hleidenkq@nifty.com,Polygender,214.122.211.89
748,Kaleena,Mcmanaman,,Female,123.161.60.125
749,Kory,Gaynsford,kgaynsfordks@omniture.com,Male,46.133.223.128
750,Dorine,Symmers,,Female,152.100.174.46
751,Beaufort,Costa,bcostaku@youtu.be,Male,224.172.70.68
752,Shaine,Hurworth,shurworthkv@ucoz.com,Male,210.160.118.158
753,Nan,Follis,nfolliskw@bing.com,Agender,
754,Ragnar,Dilston,,Male,212.88.91.62
755,Alverta,Lagneaux,alagneauxky@springer.com,Female,178.40.125.147
756,Sinclair,Iston,sistonkz@phoca.cz,Male,180.252.36.54
757,Far,Grabb,fgrabbl0@ebay.co.uk,Genderfluid,155.150.161.194
758,Mendel,Dimic,mdimicl1@naver.com,Male,90.50.118.92
759,Arch,Crumbie,acrumbiel2@state.gov,Male,30.135.85.190
760,Cami,Swalteridge,cswalteridgel3@senate.gov,Female,140.159.127.124
761,Manda,Pabelik,mpabelikl4@kickstarter.com,Female,
762,Corabella,Cope,ccopel5@imgur.com,Female,66.56.217.43
763,Theresina,Rosita,trosital6@go.com,Female,216.212.107.233
764,Letty,Huntriss,,Female,177.43.7.157
765,Jaclyn,Phifer,jphiferl8@samsung.com,Female,41.60.250.14
766,Martica,Fargher,mfargherl9@tmall.com,Female,49.5.47.172
767,Sigfrid,Raulin,sraulinla@gnu.org,Polygender,155.224.74.63
768,Frederica,Kyberd,fkyberdlb@cnn.com,Female,62.59.22.49
769,Paulie,Codman,pcodmanlc@google.ca,Male,85.139.195.77
770,Had,Penton,hpentonld@tuttocitta.it,Male,64.59.253.170
771,Bob,Oughtright,,Male,18.202.243.92
772,Wendall,Narup,wnaruplf@ucla.edu,Male,154.245.3.64
773,Dante,McVaugh,dmcvaughlg@diigo.com,Male,107.77.250.238
774,Rolando,Garrick,rgarricklh@biblegateway.com,Male,100.255.159.159
775,Mona,Bebbington,,Non-binary,227.177.23.210
776,Robinett,Farncomb,,Female,57.237.106.196
777,Richart,Ianitti,rianittilk@nytimes.com,Male,62.101.245.44
778,Maddy,Allbones,,Male,37.249.149.25
779,Pris,Ambrogini,pambroginilm@dedecms.com,Female,104.249.32.80
780,Katuscha,Huish,khuishln@newsvine.com,Female,139.169.204.236
781,Rusty,Bartolomucci,rbartolomuccilo@marriott.com,Male,251.70.82.97
782,Madelin,Chalke,mchalkelp@theglobeandmail.com,Female,
783,Merwin,Lober,mloberlq@clickbank.net,Male,219.229.37.4
784,Sarajane,Olpin,solpinlr@dagondesign.com,Female,134.142.34.113
785,Blythe,Lilie,bliliels@about.me,Female,102.241.190.81
786,Karita,Foffano,kfoffanolt@goodreads.com,Female,67.4.71.79
787,Margret,Ingledew,,Female,164.166.29.134
788,Reece,Greenroa,rgreenroalv@patch.com,Male,99.202.214.79
789,Juliann,Todarini,,Non-binary,141.100.223.80
790,Atalanta,Coils,acoilslx@simplemachines.org,Female,102.181.214.243
791,Carley,Finlay,,Female,172.36.86.157
792,Archambault,Jeanneau,ajeanneaulz@cdbaby.com,Male,1.39.130.223
793,Auberon,Glyssanne,aglyssannem0@berkeley.edu,Male,30.175.175.79
794,Waite,Guye,wguyem1@reference.com,Male,221.71.97.225
795,Norah,Obert,nobertm2@un.org,Female,99.154.200.0
796,Kinnie,Forgie,kforgiem3@constantcontact.com,Male,109.5.87.160
797,Ardeen,Matzke,amatzkem4@auda.org.au,Genderfluid,131.140.107.243
798,Kirsten,Hoxey,,Female,241.193.31.111
799,Darcee,Piser,dpiserm6@skyrock.com,Polygender,62.255.244.137
800,Carola,Reskelly,creskellym7@diigo.com,Genderqueer,61.139.246.232
801,Yard,Flowith,,Male,215.33.23.117
802,Melisandra,Dutson,mdutsonm9@google.de,Female,238.201.148.249
803,Edyth,Paul,epaulma@chron.com,Female,35.193.134.46
804,Ban,Yakushkev,byakushkevmb@harvard.edu,Male,111.31.104.139
805,Iolande,Singh,,Female,94.36.184.219
806,Sileas,Welchman,swelchmanmd@aol.com,Female,147.48.201.105
807,Dominique,Elland,dellandme@timesonline.co.uk,Genderqueer,36.88.177.246
808,Megan,Conachy,mconachymf@seattletimes.com,Female,152.118.29.236
809,Haslett,Gilbee,,Male,75.174.132.13
810,Ronna,Cobbe,,Female,194.146.214.19
811,Spense,Petera,speterami@blogger.com,Male,17.116.220.70
812,Amber,MacQueen,amacqueenmj@usda.gov,Female,15.1.119.135
813,Donielle,Stampe,dstampemk@state.tx.us,Female,243.174.151.8
814,Jarret,Forgan,jforganml@hp.com,Male,9.235.70.25
815,Isabel,Baythrop,ibaythropmm@fotki.com,Female,245.59.191.22
816,Beulah,Kimmins,bkimminsmn@ihg.com,Female,192.225.117.197
817,Kirstyn,Bignal,kbignalmo@prlog.org,Female,7.254.21.97
818,Eunice,Shiel,eshielmp@ameblo.jp,Female,206.28.31.180
819,Lenci,Eymor,leymormq@ezinearticles.com,Male,79.188.80.152
820,Cris,Tine,ctinemr@merriam-webster.com,Male,221.127.219.230
821,Kimball,Guise,kguisems@behance.net,Agender,151.81.234.230
822,Happy,Corryer,hcorryermt@domainmarket.com,Female,78.207.241.100
823,Ned,Heikkinen,nheikkinenmu@sbwire.com,Male,140.184.90.27
824,Christine,Lochhead,clochheadmv@constantcontact.com,Female,220.254.201.18
825,Goran,McEwen,gmcewenmw@china.com.cn,Male,144.175.53.238
826,Clementia,Jurn,cjurnmx@wikia.com,Agender,247.207.223.67
827,Arni,Raoux,araouxmy@issuu.com,Male,148.50.92.82
828,Garry,Champ,gchampmz@goo.ne.jp,Male,101.76.84.153
829,Karilynn,Grafham,kgrafhamn0@ucla.edu,Bigender,72.16.26.115
830,Xerxes,Linforth,xlinforthn1@yahoo.com,Male,230.203.29.25
831,Merill,Jurca,mjurcan2@nymag.com,Male,146.119.174.13
832,Hewe,Birwhistle,hbirwhistlen3@usatoday.com,Male,51.160.137.255
833,Wendy,Nevins,wnevinsn4@deviantart.com,Female,189.175.201.216
834,Dian,Eldred,,Female,21.213.92.33
835,Ivette,Poulston,ipoulstonn6@europa.eu,Female,15.78.68.157
836,Issy,Delgadillo,idelgadillon7@cargocollective.com,Female,75.198.147.181
837,Siana,Barrus,sbarrusn8@techcrunch.com,Female,169.207.64.175
838,Lonnie,Paler,lpalern9@w3.org,Bigender,204.53.246.56
839,Stephenie,Bantham,sbanthamna@yahoo.com,Female,33.63.94.41
840,Calhoun,Shillaber,cshillabernb@studiopress.com,Male,128.200.77.164
841,Wayne,Sketh,wskethnc@github.com,Male,236.151.145.114
842,Ninnetta,Brehat,nbrehatnd@g.co,Female,205.136.94.19
843,Domenic,Dursley,,Male,142.224.179.215
844,Giusto,Motte,gmottenf@cyberchimps.com,Male,100.111.241.144
845,Berkeley,Bugden,bbugdenng@home.pl,Male,71.150.30.98
846,Tabatha,Terrazzo,,Female,121.111.168.136
847,Eveleen,Watters,ewattersni@illinois.edu,Female,213.159.251.170
848,Muffin,Reames,mreamesnj@guardian.co.uk,Male,248.155.51.247
849,Berke,Spincks,,Male,54.116.129.175
850,Nona,Wilshaw,nwilshawnl@desdev.cn,Female,8.54.163.133
851,Estevan,Dolden,,Male,209.85.149.121
852,Carr,Asquith,casquithnn@unc.edu,Male,179.140.172.32
853,Brod,Loche,blocheno@usda.gov,Male,202.178.185.98
854,Mead,Boscott,,Male,225.86.78.2
855,Colby,Gumary,cgumarynq@meetup.com,Male,
856,Gabbey,Macconaghy,gmacconaghynr@flavors.me,Female,180.254.129.36
857,Gerardo,Orrin,gorrinns@jigsy.com,Male,116.237.163.181
858,Nannie,Egger,,Female,239.48.22.43
859,Dinah,Searle,dsearlenu@pen.io,Female,87.243.163.159
860,Linell,Leivesley,lleivesleynv@joomla.org,Polygender,125.24.230.18
861,Valentia,Ayling,vaylingnw@spotify.com,Female,130.136.57.153
862,Garvy,Benninck,gbennincknx@reverbnation.com,Male,90.146.113.205
863,Dennet,Firebrace,dfirebraceny@w3.org,Male,30.6.226.245
864,Alena,Tunuy,atunuynz@homestead.com,Female,46.192.237.253
865,Hildy,Dellenbroker,hdellenbrokero0@meetup.com,Female,43.122.5.141
866,Susi,Atrill,satrillo1@walmart.com,Female,2.16.61.178
867,Corrine,Greenwell,cgreenwello2@arstechnica.com,Female,217.13.30.224
868,Kiele,Amori,kamorio3@wikia.com,Female,111.50.51.13
869,Ginni,Wainman,,Female,250.237.253.48
870,Norman,Aplin,naplino5@wsj.com,Male,235.235.116.173
871,Deck,Hartright,dhartrighto6@github.com,Male,170.103.213.50
872,Gusella,Norgan,gnorgano7@abc.net.au,Female,87.177.13.79
873,Crissy,Strowlger,cstrowlgero8@theatlantic.com,Female,192.138.53.219
874,Eugenie,Guiness,,Female,85.98.181.1
875,Pavel,Huntriss,phuntrissoa@linkedin.com,Male,12.2.233.197
876,Martyn,Arkin,markinob@yellowpages.com,Male,242.10.131.227
877,Sorcha,Broadbridge,sbroadbridgeoc@earthlink.net,Female,102.64.128.212
878,Aubert,Arney,aarneyod@walmart.com,Polygender,21.229.124.79
879,Waylen,Bridat,wbridatoe@ucoz.ru,Male,248.101.153.136
880,Schuyler,Golden,sgoldenof@dyndns.org,Genderfluid,6.83.173.231
881,Jenny,Dymond,,Female,130.244.20.17
882,Dion,Hazael,dhazaeloh@digg.com,Female,156.195.43.76
883,Dewitt,Rous,drousoi@skyrock.com,Male,49.225.45.199
884,Faustine,Roeby,froebyoj@exblog.jp,Female,182.18.14.2
885,Alfons,Elsdon,,Male,0.92.92.136
886,Ddene,Pavie,dpavieol@addtoany.com,Female,227.148.155.3
887,Sarah,Guilliatt,sguilliattom@senate.gov,Female,228.20.243.35
888,Josepha,Mayhew,,Female,198.102.137.150
889,Mariya,Tinwell,mtinwelloo@mtv.com,Agender,175.165.37.82
890,Susan,Millgate,smillgateop@theguardian.com,Female,28.65.63.51
891,Pammy,Gardener,pgardeneroq@patch.com,Female,
892,Ezechiel,Scourge,escourgeor@hc360.com,Male,237.139.194.201
893,Josiah,Dreelan,jdreelanos@fastcompany.com,Male,35.78.23.252
894,Jordan,Ruit,,Male,43.103.219.80
895,Alonso,Humbie,ahumbieou@auda.org.au,Male,132.195.112.248
896,Edgar,Tattershaw,etattershawov@artisteer.com,Male,174.201.207.221
897,Jorgan,Bodicam,,Male,142.59.65.122
898,Joyous,Cowthard,jcowthardox@wisc.edu,Female,16.95.214.159
899,Callean,Ulyet,culyetoy@free.fr,Male,
900,Osmund,O'Luby,oolubyoz@diigo.com,Male,21.68.51.235
901,Brinn,Jedrasik,bjedrasikp0@123-reg.co.uk,Female,54.160.167.231
902,Abner,Velareal,avelarealp1@nymag.com,Male,29.124.161.215
903,Edwina,Marlen,emarlenp2@netscape.com,Female,166.30.210.203
904,Jarid,Lamplough,jlamploughp3@tiny.cc,Male,118.167.153.182
905,Frannie,Alps,falpsp4@spotify.com,Polygender,98.147.131.45
906,Leila,Crepel,lcrepelp5@lycos.com,Female,10.0.46.201
907,Schuyler,Sainte Paul,ssaintepaulp6@usnews.com,Male,179.32.1.57
908,Maryanna,Garside,mgarsidep7@cnbc.com,Female,86.166.215.254
909,Bonny,Gainseford,bgainsefordp8@biblegateway.com,Female,150.202.122.129
910,Dante,Jailler,djaillerp9@seattletimes.com,Male,
911,Miller,Siveyer,msiveyerpa@bbb.org,Male,206.44.186.89
912,Kerrie,Lune,,Female,182.148.48.8
913,Aeriel,Laville,alavillepc@phpbb.com,Female,79.80.8.69
914,Kellby,Wigfall,,Male,180.96.69.27
915,Ruddie,Jarvie,rjarviepe@thetimes.co.uk,Male,253.31.188.98
916,Dosi,Jacobovitz,,Female,247.171.110.214
917,Diandra,Bullivent,dbulliventpg@rakuten.co.jp,Female,9.158.178.124
918,Adah,Dukesbury,adukesburyph@dmoz.org,Female,124.209.6.202
919,Clio,Dunbabin,,Female,
920,Arabela,Beavers,,Female,202.26.38.5
921,Elaine,Beaumont,ebeaumontpk@rakuten.co.jp,Female,33.132.91.180
922,Pail,Jereatt,pjereattpl@nasa.gov,Male,204.161.149.143
923,Gasparo,Scottrell,gscottrellpm@twitpic.com,Male,219.19.143.163
924,Kaylil,Wooldridge,kwooldridgepn@over-blog.com,Female,123.238.226.233
925,Kerrie,Shevels,,Female,158.210.18.231
926,Silvanus,Christofle,schristoflepp@berkeley.edu,Genderqueer,190.209.213.26
927,Lindsay,Rackstraw,,Male,211.133.23.201
928,Shaina,Toppas,stoppaspr@fotki.com,Female,168.229.106.25
929,Delores,Purkis,dpurkisps@slate.com,Female,92.150.0.79
930,Haywood,Sessuns,,Male,229.229.164.137
931,Alecia,Goodbanne,agoodbannepu@wisc.edu,Female,212.28.156.78
932,Haleigh,Helmke,hhelmkepv@slideshare.net,Female,222.26.220.140
933,Ewart,Cawdell,ecawdellpw@diigo.com,Male,217.100.103.104
934,Kordula,Dinnington,kdinningtonpx@ed.gov,Polygender,163.6.84.113
935,Dannie,Giffen,dgiffenpy@youtu.be,Bigender,
936,Alyosha,Foldes,afoldespz@php.net,Male,6.214.238.195
937,Fredelia,Crebo,fcreboq0@cocolog-nifty.com,Female,202.140.117.80
938,Abagail,Braunthal,abraunthalq1@indiegogo.com,Female,
939,Jacky,Stillgoe,jstillgoeq2@washington.edu,Male,226.135.89.193
940,Yvor,Pibworth,ypibworthq3@admin.ch,Male,225.157.221.166
941,Honoria,Perillo,hperilloq4@vk.com,Female,171.107.19.1
942,Lory,Kiossel,lkiosselq5@intel.com,Female,242.223.54.62
943,Finn,Organ,forganq6@scientificamerican.com,Male,104.74.117.192
944,Rosalinde,Tiley,rtileyq7@deviantart.com,Female,172.195.148.237
945,Dagny,Counter,dcounterq8@gravatar.com,Male,
946,Donia,Willingham,dwillinghamq9@newyorker.com,Female,
947,Brittani,Blackbourn,bblackbournqa@wsj.com,Female,5.92.45.19
948,Natale,Inott,ninottqb@statcounter.com,Male,239.63.74.219
949,Trueman,Guildford,tguildfordqc@bloglines.com,Male,87.72.151.224
950,Dario,Mathonnet,dmathonnetqd@oracle.com,Male,161.212.43.113
951,Erda,Salling,esallingqe@constantcontact.com,Female,178.71.217.242
952,Roxi,Rabbet,rrabbetqf@reuters.com,Female,
953,Conan,Ghion,cghionqg@archive.org,Male,191.64.10.120
954,Shae,Alsopp,salsoppqh@behance.net,Female,218.250.46.202
955,Marlin,Newham,mnewhamqi@bbc.co.uk,Male,190.111.170.150
956,Marni,Terbrug,mterbrugqj@adobe.com,Female,209.162.126.180
957,Richard,Dragge,,Male,
958,Kipp,Benardet,,Male,201.155.208.142
959,Anabel,Sails,asailsqm@constantcontact.com,Non-binary,55.200.191.27
960,Orson,Bourke,obourkeqn@marketwatch.com,Male,169.84.31.248
961,Salvatore,Red,sredqo@blogspot.com,Male,241.210.191.218
962,Tyson,Kettley,tkettleyqp@engadget.com,Male,21.116.244.162
963,Fidelio,Crinage,fcrinageqq@sitemeter.com,Male,28.206.250.239
964,Del,Twinn,dtwinnqr@infoseek.co.jp,Female,125.66.72.105
965,Ellissa,Tolfrey,etolfreyqs@google.com,Female,255.220.192.122
966,Livvy,Brognot,lbrognotqt@free.fr,Genderfluid,33.171.242.249
967,Randene,Stanway,rstanwayqu@thetimes.co.uk,Bigender,227.33.215.120
968,Lexi,Denisard,ldenisardqv@usatoday.com,Female,35.17.28.181
969,Donetta,Girard,dgirardqw@dmoz.org,Female,50.58.46.88
970,Imelda,Kiehl,ikiehlqx@posterous.com,Female,187.2.65.192
971,Juliane,Kemmer,jkemmerqy@buzzfeed.com,Female,30.172.70.131
972,Manolo,Steinson,msteinsonqz@yellowpages.com,Male,100.84.237.192
973,Sandi,O'Cassidy,socassidyr0@pcworld.com,Female,13.173.215.142
974,Evey,Mongain,emongainr1@npr.org,Female,80.138.251.155
975,Honor,Cammacke,hcammacker2@yolasite.com,Female,178.174.233.144
976,Margeaux,Attac,mattacr3@imdb.com,Female,179.177.147.149
977,Riccardo,Freen,rfreenr4@t.co,Male,53.72.102.54
978,Brannon,Tombleson,btomblesonr5@ning.com,Male,134.157.110.206
979,Terrye,Winscomb,twinscombr6@oaic.gov.au,Female,203.180.43.69
980,Sher,Ranner,srannerr7@dmoz.org,Female,147.116.106.153
981,Carmelle,Sainsbury,csainsburyr8@symantec.com,Agender,121.143.200.210
982,Malvina,Demchen,mdemchenr9@so-net.ne.jp,Female,3.100.27.180
983,Elga,Daniaud,edaniaudra@marketwatch.com,Female,160.68.224.95
984,Billye,Cutchey,bcutcheyrb@networksolutions.com,Female,63.38.38.26
985,Dierdre,Isham,dishamrc@freewebs.com,Female,37.2.83.100
986,Allyson,Lacknor,alacknorrd@walmart.com,Female,201.113.235.48
987,Pavel,June,pjunere@jiathis.com,Male,254.154.218.30
988,Otho,Rochester,orochesterrf@columbia.edu,Male,17.173.229.216
989,Rusty,Lorenc,rlorencrg@g.co,Male,55.123.52.244
990,Brewster,Chatan,bchatanrh@weebly.com,Male,77.18.178.234
991,Marys,Cutler,mcutlerri@google.it,Female,114.145.106.209
992,Emilio,Wixey,ewixeyrj@usatoday.com,Male,249.112.160.195
993,Rozalin,MacMurray,rmacmurrayrk@unc.edu,Female,82.255.6.230
994,Conchita,Seggie,cseggierl@digg.com,Polygender,161.188.90.158
995,Tracie,Durning,tdurningrm@foxnews.com,Male,45.96.219.105
996,Randa,Deverille,,Female,190.45.220.24
997,Lynnelle,Hanway,lhanwayro@sina.com.cn,Female,235.212.99.171
998,Cathee,Burmaster,cburmasterrp@bing.com,Female,144.140.58.128
999,Ernie,Jossum,ejossumrq@google.fr,Male,153.239.4.70
1000,Vitia,Oehme,voehmerr@illinois.edu,Female,193.3.108.239
