id,first_name,last_name,email,gender,ip_address
1,Herman,Murrigans,hmurrigans0@yandex.ru,Male,248.48.44.175
2,Becki,Peare,bpeare1@instagram.com,Female,179.193.35.91
3,Emili,Butt Gow,ebuttgow2@1688.com,Non-binary,240.216.88.112
4,Seana,Haining,,Female,11.212.251.237
5,Amabel,Haszard,ahaszard4@toplist.cz,Female,39.152.189.110
6,Cassaundra,Tytler,ctytler5@answers.com,Female,
7,Quintin,Mardling,qmardling6@so-net.ne.jp,Male,142.25.52.112
8,Sutton,Dennehy,sdennehy7@stumbleupon.com,Male,228.228.208.232
9,Cheslie,Osgood,cosgood8@google.ca,Female,70.20.155.192
10,Berti,Chezelle,bchezelle9@digg.com,Male,
11,Fabien,Newvill,fnewvilla@mit.edu,Polygender,
12,Melli,Tod,,Female,239.121.133.91
13,Christabel,Wreiford,cwreifordc@howstuffworks.com,Female,62.69.124.70
14,Auberon,Lowdham,,Male,47.239.226.199
15,Bertrando,Brettle,bbrettlee@com.com,Male,148.212.35.32
16,Aeriela,Lammertz,alammertzf@cargocollective.com,Female,104.56.122.28
17,Martha,Goodsal,mgoodsalg@mail.ru,Polygender,212.94.165.116
18,Skippie,Dupree,,Male,16.74.160.175
19,Saul,Stranieri,sstranierii@webmd.com,Male,135.224.168.98
20,Dinny,Cordeix,dcordeixj@google.nl,Female,84.198.200.154
21,Larissa,Bentjens,lbentjensk@youtu.be,Female,114.157.36.86
22,Hyacinthia,Jellard,hjellardl@multiply.com,Female,211.203.125.248
23,Kathe,Nornasell,,Female,178.51.147.36
24,Chaddie,Umbert,cumbertn@yahoo.com,Male,
25,Allan,Chene,acheneo@seesaa.net,Male,73.104.186.19
26,Christoforo,Orsi,corsip@elpais.com,Male,200.244.195.111
27,Cecelia,Michelotti,cmichelottiq@yahoo.com,Female,193.109.201.125
28,Troy,Touzey,ttouzeyr@exblog.jp,Male,33.70.111.243
29,Fernandina,Riccardo,friccardos@earthlink.net,Female,157.65.11.187
30,Gustave,Kees,gkeest@google.com.au,Male,
31,Cyrus,Steanson,,Male,209.62.187.224
32,Irwin,Garlett,igarlettv@aboutads.info,Male,98.111.75.163
33,Jacques,Luckes,jluckesw@imdb.com,Male,
34,Goldie,Rickertsen,grickertsenx@e-recht24.de,Female,42.173.162.19
35,Theresina,Goldine,tgoldiney@slate.com,Female,
36,Cathrine,Lawlie,clawliez@prlog.org,Female,233.144.77.87
37,Madelle,Simister,msimister10@google.fr,Female,198.7.43.251
38,Brnaba,Wills,bwills11@imdb.com,Male,127.41.245.131
39,Bartlett,Geill,bgeill12@archive.org,Male,210.106.136.152
40,Lukas,Figge,lfigge13@indiegogo.com,Male,53.113.165.136
41,Brantley,Williams,bwilliams14@blinklist.com,Male,205.202.109.236
42,Elroy,Chalk,echalk15@technorati.com,Male,22.99.55.64
43,Elena,Antonopoulos,eantonopoulos16@nymag.com,Female,
44,Darlleen,Lonnon,dlonnon17@ocn.ne.jp,Female,108.159.10.187
45,Joby,Bartlomieczak,jbartlomieczak18@squarespace.com,Female,149.250.113.83
46,Audra,Rapp,arapp19@hp.com,Female,222.171.36.148
47,Quillan,Dmitriev,qdmitriev1a@moonfruit.com,Male,62.74.166.239
48,Bridget,Killeen,bkilleen1b@dyndns.org,Female,236.210.174.74
49,Norris,Cazalet,ncazalet1c@marketwatch.com,Male,17.45.5.121
50,Ulrike,McKean,,Female,101.122.126.154
51,Davide,Carpenter,dcarpenter1e@ucoz.com,Male,249.205.137.119
52,Shellysheldon,Mines,smines1f@list-manage.com,Male,218.174.77.201
53,Deck,Le Monnier,dlemonnier1g@google.pl,Male,68.37.80.115
54,Ginevra,Hemphill,ghemphill1h@deliciousdays.com,Female,59.53.192.75
55,Huntlee,Trunby,htrunby1i@slashdot.org,Male,46.195.97.112
56,Latashia,Collumbell,lcollumbell1j@cbsnews.com,Female,180.2.147.217
57,Sheeree,Vanlint,svanlint1k@tiny.cc,Female,218.178.219.3
58,Siouxie,Ivashin,sivashin1l@odnoklassniki.ru,Female,197.48.137.172
59,Onofredo,Carlisso,ocarlisso1m@webeden.co.uk,Genderfluid,138.181.208.28
60,Leilah,Hitzke,lhitzke1n@typepad.com,Female,74.68.147.132
61,Janeczka,Reisenstein,jreisenstein1o@live.com,Female,172.77.22.92
62,Alvy,Whitehead,awhitehead1p@answers.com,Male,99.11.87.178
63,Deane,Shevels,dshevels1q@cbslocal.com,Male,165.187.95.76
64,Nickolai,Raymen,nraymen1r@intel.com,Male,
65,Jamesy,Cluatt,jcluatt1s@timesonline.co.uk,Polygender,235.187.231.201
66,Izaak,Gahan,,Male,120.24.228.187
67,Ruy,Fernant,rfernant1u@ucoz.com,Male,45.174.24.169
68,Alexandre,Dionis,adionis1v@indiegogo.com,Male,63.174.76.227
69,Karleen,Jarville,kjarville1w@xrea.com,Female,165.180.243.41
70,Morganne,Dekeyser,mdekeyser1x@earthlink.net,Female,92.47.254.162
71,Janice,Gothup,jgothup1y@usatoday.com,Non-binary,170.54.36.61
72,Burt,Pegler,bpegler1z@narod.ru,Male,
73,Judye,Smiths,jsmiths20@exblog.jp,Female,176.153.168.110
74,Amalee,Bugg,abugg21@psu.edu,Female,250.116.86.178
75,Sergent,Minard,sminard22@home.pl,Male,
76,Rafaelita,Pettican,rpettican23@wikimedia.org,Female,205.142.156.233
77,Anabal,Tomankowski,atomankowski24@whitehouse.gov,Female,75.23.19.242
78,Kari,Manvell,kmanvell25@apache.org,Female,26.55.198.17
79,Lotti,Pamplin,lpamplin26@flickr.com,Female,230.131.40.194
80,Wandie,Goodanew,wgoodanew27@sakura.ne.jp,Female,159.97.239.45
81,Yettie,Hoggin,yhoggin28@buzzfeed.com,Female,180.210.43.105
82,Ximenez,Bowbrick,xbowbrick29@cdbaby.com,Male,155.219.138.213
83,Maribelle,Blincko,mblincko2a@nsw.gov.au,Genderqueer,164.52.179.5
84,Thedrick,Penniell,,Male,
85,Norbert,Baccas,nbaccas2c@nba.com,Male,194.172.125.70
86,Lorenza,Heikkinen,lheikkinen2d@reuters.com,Female,177.30.50.40
87,Tammi,Le Marquand,tlemarquand2e@blogspot.com,Female,
88,Thorin,Brydone,tbrydone2f@paginegialle.it,Male,194.65.48.61
89,Bess,Danels,bdanels2g@clickbank.net,Female,4.142.211.106
90,Letisha,Treske,ltreske2h@adobe.com,Agender,205.254.128.183
91,Zondra,Bane,zbane2i@cyberchimps.com,Female,222.224.105.248
92,Leland,Breslau,lbreslau2j@flavors.me,Male,156.105.100.231
93,Sylvester,McIlherran,smcilherran2k@cocolog-nifty.com,Male,19.104.53.100
94,Alasdair,Huster,ahuster2l@phoca.cz,Male,60.169.127.219
95,Yankee,Di Biagi,ydibiagi2m@accuweather.com,Male,2.246.19.116
96,Leonid,Dowderswell,ldowderswell2n@google.ca,Male,37.203.90.21
97,Base,Campanelle,bcampanelle2o@theatlantic.com,Male,100.12.131.69
98,Ruddy,Brown,rbrown2p@360.cn,Male,108.57.83.38
99,Flor,Huntress,fhuntress2q@furl.net,Female,26.196.201.205
100,Osmund,Wildsmith,owildsmith2r@cafepress.com,Agender,186.134.185.182
101,Zackariah,Raffles,zraffles2s@msn.com,Male,51.219.58.50
102,Margit,Kleiner,,Female,220.4.239.206
103,Barnebas,Goodfellow,bgoodfellow2u@dailymotion.com,Male,193.188.173.234
104,Jonis,Broadhead,,Female,90.208.66.5
105,Haze,Gabbett,hgabbett2w@delicious.com,Polygender,254.222.207.13
106,Loralyn,Scullion,lscullion2x@sfgate.com,Bigender,91.173.6.189
107,Celinka,Willowby,cwillowby2y@dedecms.com,Female,121.56.227.6
108,Ninnetta,Southeran,nsoutheran2z@hc360.com,Female,110.235.176.215
109,Heindrick,Cavey,hcavey30@macromedia.com,Male,38.149.23.96
110,Kimmy,Ferrulli,kferrulli31@thetimes.co.uk,Female,
111,Alf,Ratazzi,aratazzi32@ehow.com,Male,
112,Barrie,Heatlie,bheatlie33@google.com.au,Male,101.60.63.229
113,Quinton,Sagrott,qsagrott34@accuweather.com,Male,156.87.24.178
114,Zorana,Baumford,zbaumford35@gnu.org,Female,18.31.255.189
115,Noble,O'Looney,nolooney36@ox.ac.uk,Male,37.141.86.119
116,Mack,Kroon,mkroon37@tiny.cc,Agender,29.215.18.238
117,Sara-ann,Nolleau,snolleau38@wsj.com,Female,15.47.228.68
118,Judas,Loghan,jloghan39@marketwatch.com,Male,175.200.48.112
119,Babita,Pearton,bpearton3a@ted.com,Female,123.167.209.204
120,Emera,Cabrales,ecabrales3b@barnesandnoble.com,Female,21.114.29.84
121,Mamie,Golda,mgolda3c@joomla.org,Female,153.171.218.90
122,Bill,Lilion,blilion3d@merriam-webster.com,Female,55.83.7.211
123,Caprice,Woodlands,cwoodlands3e@gizmodo.com,Female,219.205.223.224
124,Ash,Whittek,awhittek3f@sphinn.com,Male,105.52.1.169
125,Ada,Gouinlock,agouinlock3g@last.fm,Female,186.160.6.197
126,Rowen,Ploughwright,rploughwright3h@behance.net,Male,143.44.8.190
127,Crystie,Baily,cbaily3i@t-online.de,Female,71.137.217.80
128,Roseline,Bricksey,rbricksey3j@unesco.org,Female,139.110.125.97
129,Forest,Biaggelli,fbiaggelli3k@booking.com,Male,71.235.63.180
130,Jarad,Coathup,jcoathup3l@cyberchimps.com,Male,170.215.121.26
131,Goober,Macci,gmacci3m@fotki.com,Male,54.155.21.68
132,Stefan,Hedge,shedge3n@senate.gov,Male,
133,Fairleigh,Guiraud,fguiraud3o@yellowbook.com,Male,240.27.90.22
134,Urbano,Dybald,udybald3p@creativecommons.org,Male,19.145.35.46
135,Chad,MacGraith,cmacgraith3q@canalblog.com,Female,4.215.236.175
136,Kory,Di Lucia,kdilucia3r@oracle.com,Male,13.176.205.173
137,Codee,Petruszka,cpetruszka3s@army.mil,Female,165.252.248.238
138,Brynna,Fraulo,bfraulo3t@purevolume.com,Female,72.200.151.217
139,Maud,Bassano,mbassano3u@amazonaws.com,Female,169.65.38.24
140,Hildagard,Fulkes,hfulkes3v@cargocollective.com,Female,53.58.245.201
141,Renaud,Glencrosche,rglencrosche3w@phpbb.com,Male,0.237.213.208
142,Jocelyn,Pelham,jpelham3x@nyu.edu,Female,200.54.251.233
143,Wilt,Dusting,wdusting3y@yale.edu,Male,114.243.154.130
144,Sarge,Shillum,sshillum3z@goo.gl,Male,145.191.51.210
145,Donella,Domeny,ddomeny40@admin.ch,Female,105.227.140.81
146,Chicky,Nutbeem,cnutbeem41@wisc.edu,Female,
147,Jess,Simonett,jsimonett42@imgur.com,Non-binary,180.49.76.27
148,Joceline,Medgewick,jmedgewick43@biglobe.ne.jp,Female,240.11.229.57
149,Mallorie,O'Caine,,Female,218.156.24.52
150,Jaquelyn,De Gregario,jdegregario45@w3.org,Polygender,255.10.131.251
151,Zabrina,Need,zneed46@oracle.com,Female,
152,Wald,Askell,waskell47@mozilla.org,Male,98.178.10.108
153,Kerrie,Aldiss,kaldiss48@eepurl.com,Female,9.178.164.112
154,Lurleen,Goutcher,lgoutcher49@patch.com,Female,54.97.204.32
155,Belita,Philippsohn,,Female,139.104.27.125
156,Nertie,Schroeder,nschroeder4b@intel.com,Female,42.244.31.145
157,Ophelie,Baigrie,obaigrie4c@mlb.com,Female,
158,Chariot,Chese,cchese4d@bbb.org,Male,50.107.135.188
159,Shelby,Schlagtmans,sschlagtmans4e@yellowpages.com,Female,133.92.41.157
160,Marice,Muttock,mmuttock4f@sciencedirect.com,Female,180.130.37.186
161,Amberly,Marryatt,amarryatt4g@theguardian.com,Female,133.129.129.148
162,Lin,Works,lworks4h@miibeian.gov.cn,Female,230.156.117.51
163,Claretta,de Keyser,cdekeyser4i@loc.gov,Agender,24.82.10.10
164,Marthe,Labusch,mlabusch4j@booking.com,Female,205.61.63.226
165,Tommie,Reolfo,treolfo4k@auda.org.au,Female,221.55.230.221
166,Bendick,Tomasz,btomasz4l@sogou.com,Male,219.240.117.217
167,Juliette,Blazhevich,jblazhevich4m@cisco.com,Agender,65.233.27.130
168,Pooh,Grimsey,pgrimsey4n@amazon.de,Female,197.9.243.139
169,Slade,Zanioletti,szanioletti4o@discuz.net,Male,52.41.11.222
170,Talia,Bainbrigge,tbainbrigge4p@howstuffworks.com,Female,146.162.216.20
171,Jillene,Tofpik,jtofpik4q@nytimes.com,Female,236.12.86.158
172,Franky,Covely,fcovely4r@sun.com,Female,15.198.197.152
173,Tessi,Hallwood,,Female,201.189.230.110
174,Tuesday,Constance,tconstance4t@deliciousdays.com,Female,51.206.253.228
175,Bertie,Cramond,bcramond4u@paypal.com,Female,49.255.109.181
176,Tremaine,Colafate,tcolafate4v@virginia.edu,Male,198.247.149.173
177,Harv,Knatt,hknatt4w@google.com.au,Male,30.47.166.253
178,Yankee,O'Henehan,,Male,165.220.150.94
179,Abbie,Gatherer,agatherer4y@unblog.fr,Female,191.147.115.201
180,Sileas,Linfield,slinfield4z@bluehost.com,Polygender,11.157.159.184
181,Renault,Bollon,rbollon50@squarespace.com,Male,245.210.52.245
182,Ignacius,McKain,imckain51@skype.com,Male,61.239.9.91
183,Pansie,Birkinshaw,pbirkinshaw52@umn.edu,Female,255.84.139.125
184,Jerry,Butteris,jbutteris53@about.me,Male,58.209.218.160
185,Zena,Spensley,zspensley54@wiley.com,Female,52.24.210.121
186,Andy,Beebis,abeebis55@apache.org,Male,99.100.107.169
187,Barclay,Elsley,belsley56@umn.edu,Male,147.214.243.139
188,Ivett,Ughini,iughini57@so-net.ne.jp,Female,120.124.104.147
189,Sibyl,Wards,,Female,9.224.227.174
190,Berta,Friatt,bfriatt59@senate.gov,Female,147.186.37.194
191,Borden,Nesbitt,bnesbitt5a@surveymonkey.com,Male,137.34.164.16
192,Algernon,Teal,ateal5b@nba.com,Male,199.170.138.183
193,Russell,Cereceres,rcereceres5c@goo.gl,Male,215.127.79.217
194,Sybila,Chaffen,schaffen5d@unicef.org,Female,76.216.140.154
195,Karalee,Coytes,kcoytes5e@eepurl.com,Female,206.56.162.111
196,Currey,Stratten,cstratten5f@thetimes.co.uk,Male,223.27.237.221
197,Ardis,Benedit,abenedit5g@japanpost.jp,Female,210.222.38.225
198,Olag,Rolingson,orolingson5h@sitemeter.com,Non-binary,161.1.202.228
199,Rutger,Seviour,rseviour5i@ed.gov,Male,41.60.206.164
200,Ingamar,Pie,ipie5j@ask.com,Male,134.84.160.25
201,Renell,Dougill,rdougill5k@un.org,Female,76.67.244.145
202,Sula,Pottery,spottery5l@cargocollective.com,Female,95.27.18.183
203,Karissa,Gorelli,kgorelli5m@prnewswire.com,Female,214.65.107.123
204,Harmony,Gyngyll,hgyngyll5n@theguardian.com,Female,222.203.251.7
205,Feodor,Acory,facory5o@geocities.com,Male,113.52.140.197
206,Lucinda,McRobert,,Female,137.136.207.37
207,Tomaso,Blowne,tblowne5q@ask.com,Male,69.83.168.15
208,Giraud,Chaperlin,gchaperlin5r@google.com,Male,11.43.118.146
209,Virginia,Trayte,vtrayte5s@tuttocitta.it,Female,8.250.172.56
210,Nico,Wolfe,nwolfe5t@nytimes.com,Male,255.87.236.205
211,Gino,Scotcher,gscotcher5u@toplist.cz,Male,38.171.117.43
212,Willard,Collcutt,wcollcutt5v@theguardian.com,Agender,36.32.146.113
213,Genevieve,Castiglioni,gcastiglioni5w@furl.net,Female,255.135.117.39
214,Alexis,Kneath,akneath5x@msu.edu,Female,
215,Winn,Sworn,wsworn5y@discuz.net,Polygender,216.54.167.169
216,Ingram,Minet,iminet5z@tamu.edu,Male,29.105.111.96
217,Vivienne,Illing,villing60@bravesites.com,Female,225.143.66.120
218,Nari,Heelis,nheelis61@typepad.com,Genderfluid,78.55.157.186
219,Mycah,Hathaway,mhathaway62@cbc.ca,Genderfluid,145.89.152.54
220,Perren,Skentelbury,pskentelbury63@ehow.com,Male,157.50.150.139
221,Mort,Surmeir,msurmeir64@army.mil,Male,16.163.185.61
222,Gerardo,Quarterman,gquarterman65@elpais.com,Polygender,34.81.61.251
223,Birch,Mechan,bmechan66@statcounter.com,Male,243.117.121.140
224,Corabel,Maun,,Female,194.170.104.206
225,Bobbye,Dommerque,bdommerque68@cyberchimps.com,Female,
226,Reinold,Fielding,rfielding69@oakley.com,Male,145.18.245.182
227,Jordana,Falls,jfalls6a@loc.gov,Female,103.216.140.53
228,Gardener,Bigby,gbigby6b@uol.com.br,Male,75.188.144.211
229,Adler,Ioannidis,aioannidis6c@accuweather.com,Male,
230,Kienan,Ferrara,kferrara6d@godaddy.com,Male,120.190.191.183
231,Robin,Geertz,rgeertz6e@apache.org,Male,95.122.112.181
232,Roderigo,Dinsmore,rdinsmore6f@feedburner.com,Genderfluid,202.24.118.208
233,Leonelle,Jouen,ljouen6g@is.gd,Female,159.237.124.0
234,Abagail,Moakler,amoakler6h@redcross.org,Female,141.103.230.153
235,Kile,Toft,ktoft6i@soup.io,Male,179.33.208.171
236,Ashley,Drakers,adrakers6j@psu.edu,Female,
237,Davita,Largent,dlargent6k@w3.org,Female,86.131.143.28
238,Babbie,Kealey,bkealey6l@businessinsider.com,Female,
239,Felecia,Gow,fgow6m@cdbaby.com,Female,231.38.104.194
240,Aguste,Relph,arelph6n@gnu.org,Male,0.101.121.126
241,Gaylene,Cornelius,,Female,121.89.207.163
242,Harley,Winney,,Male,149.171.12.138
243,Lisha,McCormack,lmccormack6q@amazonaws.com,Female,88.214.245.243
244,Ruy,Mengue,rmengue6r@parallels.com,Male,57.135.178.95
245,Quint,Kincey,qkincey6s@i2i.jp,Male,154.63.102.11
246,Bernie,Henrichs,bhenrichs6t@edublogs.org,Female,111.116.224.175
247,Carmine,Bende,cbende6u@wunderground.com,Male,226.124.73.66
248,Poppy,Grigson,pgrigson6v@tuttocitta.it,Agender,161.199.16.119
249,Shaun,Matt,smatt6w@forbes.com,Female,
250,Helen,Jude,hjude6x@flavors.me,Female,
251,Bogey,Danieli,bdanieli6y@msn.com,Male,151.150.155.103
252,Kass,Dows,kdows6z@miitbeian.gov.cn,Female,150.143.205.29
253,Jonathon,Grisbrook,jgrisbrook70@statcounter.com,Male,58.172.38.85
254,Obadias,Gullyes,ogullyes71@utexas.edu,Male,207.48.16.24
255,Jorry,Arnolds,,Female,177.20.30.221
256,Ilse,Ham,iham73@goo.gl,Female,188.109.11.254
257,Harrietta,Sent,hsent74@umich.edu,Female,27.100.58.180
258,Haydon,Branche,hbranche75@amazon.de,Male,54.47.12.246
259,Tucker,Mace,tmace76@umn.edu,Male,52.55.214.159
260,Murdock,Yielding,,Male,148.20.133.35
261,Port,Baulk,pbaulk78@parallels.com,Bigender,8.222.214.105
262,Sybila,Ripon,sripon79@webmd.com,Female,132.76.237.16
263,Wolfgang,Morewood,wmorewood7a@usa.gov,Male,175.247.104.240
264,Bartholomew,Sandhill,,Male,194.54.139.87
265,Roderic,Neachell,rneachell7c@wikispaces.com,Male,
266,Federica,Balsillie,fbalsillie7d@behance.net,Female,
267,Lindy,Burchmore,lburchmore7e@jalbum.net,Male,39.88.193.161
268,Kacey,Fellis,kfellis7f@hc360.com,Female,216.125.60.9
269,Nathanael,Tripe,ntripe7g@si.edu,Male,57.201.105.117
270,Britney,Masson,bmasson7h@about.com,Female,46.79.48.153
271,Lefty,McCheyne,,Male,62.177.221.10
272,Athena,Croxford,acroxford7j@goo.gl,Female,199.237.42.127
273,Gardener,Busk,gbusk7k@hatena.ne.jp,Male,70.131.159.224
274,Bord,Crate,,Male,0.35.84.54
275,Lulu,Suerz,lsuerz7m@cocolog-nifty.com,Female,65.47.84.41
276,Teodorico,Fosserd,tfosserd7n@techcrunch.com,Male,190.50.239.243
277,Saxon,Balfour,sbalfour7o@sitemeter.com,Male,180.247.53.192
278,Ali,Piggford,,Male,85.163.239.10
279,Bianka,Semeniuk,bsemeniuk7q@facebook.com,Female,66.254.124.191
280,Edeline,Rraundl,erraundl7r@forbes.com,Female,171.9.202.211
281,Brana,Lockett,,Female,176.238.184.197
282,Peyter,Egglestone,pegglestone7t@simplemachines.org,Male,229.145.199.254
283,Angus,Amery,aamery7u@dailymail.co.uk,Male,233.251.89.96
284,Dorris,Dorow,ddorow7v@rediff.com,Genderqueer,69.201.57.101
285,Mandel,Summergill,,Non-binary,213.79.81.115
286,Lief,Sloy,lsloy7x@prnewswire.com,Male,108.178.181.102
287,Calhoun,Giovannacc@i,cgiovannacci7y@stumbleupon.com,Male,55.48.222.86
288,Demeter,Longmaid,dlongmaid7z@dailymail.co.uk,Female,81.83.242.56
289,Gabrielle,Iwanczyk,giwanczyk80@topsy.com,Non-binary,11.202.184.43
290,Bartholomeus,Stonner,bstonner81@fema.gov,Male,56.45.175.163
291,Ania,Amthor,aamthor82@auda.org.au,Female,205.73.190.208
292,Ginni,Fishby,gfishby83@yolasite.com,Female,31.235.56.216
293,Osborn,Syder,osyder84@reference.com,Male,27.14.211.23
294,Henryetta,Golling,hgolling85@t-online.de,Female,134.145.78.171
295,Michaella,Maytum,mmaytum86@craigslist.org,Female,249.242.100.122
296,Odella,Siburn,osiburn87@yolasite.com,Female,232.116.246.92
297,De,Gaven,dgaven88@cocolog-nifty.com,Female,190.246.104.194
298,Ellynn,Iveans,eiveans89@who.int,Female,0.195.245.107
299,Giorgio,Blandamere,gblandamere8a@shutterfly.com,Male,255.76.114.41
300,Aldwin,Koch,akoch8b@canalblog.com,Male,199.102.71.223
301,Cordy,Jacquot,,Female,
302,Verge,Gietz,vgietz8d@blogger.com,Male,197.6.32.47
303,Ann-marie,Scotchbrook,ascotchbrook8e@wisc.edu,Female,52.210.84.111
304,Vick,Jobbins,vjobbins8f@ocn.ne.jp,Male,82.208.116.65
305,Jarret,Alejandri,jalejandri8g@cisco.com,Male,99.117.221.208
306,Clemence,Staves,cstaves8h@unc.edu,Female,13.157.21.237
307,Joshia,Rampling,jrampling8i@mit.edu,Male,33.30.117.227
308,Kristoffer,Upex,kupex8j@disqus.com,Male,212.89.188.16
309,Myrilla,De Beauchemp,mdebeauchemp8k@163.com,Female,
310,Esdras,Chaundy,echaundy8l@histats.com,Male,86.202.198.103
311,Kelcie,Chadbourne,kchadbourne8m@t.co,Female,174.42.236.51
312,Wendy,Daldan,,Female,136.100.246.177
313,Siouxie,Gilbey,,Female,232.127.113.15
314,Maxy,Ellerker,mellerker8p@reference.com,Female,76.183.28.216
315,Alec,Beers,abeers8q@simplemachines.org,Male,243.167.42.210
316,Aimee,Farrey,afarrey8r@mayoclinic.com,Female,
317,Caddric,Learmond,clearmond8s@yolasite.com,Male,115.174.160.220
318,Euphemia,Tong,etong8t@sogou.com,Female,252.239.19.68
319,Ellyn,Heatly,eheatly8u@jugem.jp,Female,65.200.76.195
320,Robyn,Dunstone,rdunstone8v@instagram.com,Female,30.101.79.218
321,Lynsey,Costanza,lcostanza8w@stumbleupon.com,Female,100.244.211.51
322,Carly,Yuryev,cyuryev8x@yandex.ru,Male,55.63.161.167
323,Collette,Sprionghall,csprionghall8y@facebook.com,Female,175.78.158.111
324,Parry,Powderham,ppowderham8z@china.com.cn,Male,194.178.100.66
325,Scarlet,Locket,slocket90@pinterest.com,Female,23.252.13.69
326,Abbott,Eakley,aeakley91@free.fr,Male,174.49.106.92
327,Randi,McCluney,rmccluney92@nydailynews.com,Male,93.166.65.236
328,Cal,Bricksey,cbricksey93@umich.edu,Male,103.130.195.64
329,Mortie,Minchell,mminchell94@webeden.co.uk,Male,
330,Gasparo,Poppleton,gpoppleton95@reference.com,Male,128.94.42.230
331,Stavro,Lowthorpe,slowthorpe96@bloglovin.com,Male,2.220.250.102
332,Lani,Carlon,lcarlon97@lycos.com,Female,111.148.33.54
333,Arron,Topaz,atopaz98@wordpress.org,Male,110.232.166.211
334,Matthias,Morigan,mmorigan99@digg.com,Male,215.224.208.85
335,Allegra,Bance,abance9a@chron.com,Female,144.72.195.237
336,Willa,Olliff,wolliff9b@github.com,Female,24.191.234.34
337,Karrah,Jerman,kjerman9c@epa.gov,Female,215.220.33.84
338,Essy,Zannini,ezannini9d@squidoo.com,Female,
339,Gerhardt,Moehle,,Male,122.240.7.92
340,North,Mertel,nmertel9f@goodreads.com,Male,62.84.100.196
341,Raddy,Reston,rreston9g@free.fr,Male,185.91.50.209
342,Robbi,Jedraszczyk,rjedraszczyk9h@arizona.edu,Female,120.205.213.85
343,Wanids,Beardow,,Female,139.33.173.229
344,Jeremie,Cupper,jcupper9j@printfriendly.com,Male,85.36.142.227
345,Gottfried,Grumbridge,ggrumbridge9k@springer.com,Male,145.190.48.155
346,Ari,Lorentzen,alorentzen9l@amazonaws.com,Male,123.174.175.147
347,Korey,O'Spillane,kospillane9m@tuttocitta.it,Male,169.214.34.55
348,Audrye,Pearle,apearle9n@mlb.com,Female,82.38.120.248
349,Kalina,Shoulders,kshoulders9o@lulu.com,Genderqueer,
350,Rosamond,Moorwood,rmoorwood9p@harvard.edu,Female,63.221.173.194
351,Jeffrey,Loughren,jloughren9q@squidoo.com,Male,21.130.62.75
352,Cary,Loyndon,cloyndon9r@sohu.com,Male,119.24.58.150
353,Carmelina,Mathis,cmathis9s@japanpost.jp,Female,
354,Cinnamon,Otton,,Female,
355,Hebert,Blackborn,hblackborn9u@npr.org,Male,
356,Myra,Miguet,mmiguet9v@jiathis.com,Female,25.174.69.170
357,Creigh,Beetlestone,,Male,92.254.94.231
358,Janeva,Martyntsev,jmartyntsev9x@so-net.ne.jp,Female,188.41.225.134
359,Kally,Faro,kfaro9y@aol.com,Female,59.85.179.50
360,Frieda,Crosham,fcrosham9z@google.fr,Female,57.64.127.232
361,Lemuel,Skaid,,Male,80.1.20.180
362,Grete,Doxsey,gdoxseya1@mapquest.com,Female,
363,Felipa,Koche,fkochea2@about.me,Female,55.93.220.243
364,Kelley,Mcimmie,kmcimmiea3@opera.com,Male,196.153.186.59
365,Patrick,Vouls,,Male,22.203.160.123
366,Lauraine,Immins,limminsa5@wired.com,Female,
367,Melisa,Bengoechea,,Non-binary,125.152.109.143
368,Trstram,Leverich,tlevericha7@mysql.com,Male,45.49.16.149
369,Greer,Wellan,gwellana8@reverbnation.com,Female,23.91.81.29
370,Barbra,Mariault,bmariaulta9@tinyurl.com,Female,57.77.131.103
371,Hazlett,Hauxwell,hhauxwellaa@dmoz.org,Male,205.3.62.234
372,Anneliese,Maven,amavenab@wsj.com,Female,104.91.194.27
373,Lionello,Eliaz,leliazac@squarespace.com,Male,89.38.193.161
374,Katusha,Chamberlain,kchamberlainad@hc360.com,Female,69.6.206.255
375,Isacco,Cokayne,,Male,58.214.97.135
376,Sammy,Castleman,scastlemanaf@spotify.com,Female,226.221.171.232
377,Marjy,Hamlen,mhamlenag@taobao.com,Female,65.66.132.12
378,Cass,Yegorovnin,cyegorovninah@google.fr,Male,184.48.154.168
379,Cynthea,Haughan,chaughanai@ameblo.jp,Female,51.117.182.9
380,Iver,Batchelor,ibatcheloraj@naver.com,Male,
381,Robbie,Lyddon,rlyddonak@google.com.hk,Genderqueer,31.62.122.157
382,Elianora,Dabourne,edabourneal@irs.gov,Female,44.106.200.75
383,Robin,Heugel,rheugelam@cargocollective.com,Male,31.117.28.67
384,Finn,McKeon,fmckeonan@businesswire.com,Male,68.147.193.22
385,Augustina,Nowill,anowillao@hubpages.com,Female,203.65.65.74
386,Jakie,Largan,jlarganap@pcworld.com,Male,250.77.109.9
387,Rorie,Rusling,,Female,13.47.233.223
388,Kennith,Bushby,,Male,122.146.233.205
389,Zarah,Sellick,,Female,41.202.234.233
390,Kerry,Luetkemeyer,,Male,185.238.24.144
391,Wakefield,Blare,wblareau@com.com,Male,201.239.10.169
392,Aguie,Clyne,aclyneav@linkedin.com,Male,
393,Rickey,Januszkiewicz,rjanuszkiewiczaw@java.com,Male,107.242.1.194
394,Abey,Arbuckle,aarbuckleax@imageshack.us,Male,153.66.115.51
395,Rania,Downing,,Female,89.89.145.154
396,April,Geffe,ageffeaz@ft.com,Female,116.193.107.115
397,Mandi,Knyvett,mknyvettb0@multiply.com,Female,105.144.96.46
398,Isidor,Kibbe,ikibbeb1@house.gov,Male,132.66.37.126
399,Cosetta,Goodread,cgoodreadb2@state.tx.us,Polygender,29.47.103.228
400,Ruprecht,Stallworth,,Male,107.173.126.74
401,Tallie,Amiranda,tamirandab4@prweb.com,Male,90.229.113.102
402,Domeniga,Scrammage,dscrammageb5@ca.gov,Female,145.212.130.4
403,Heriberto,Batchellor,hbatchellorb6@canalblog.com,Male,76.247.227.27
404,Coralyn,March,cmarchb7@symantec.com,Female,189.127.72.236
405,Kerri,Manueli,kmanuelib8@rambler.ru,Female,243.246.61.177
406,Forrest,Cuttelar,fcuttelarb9@twitpic.com,Male,9.56.31.219
407,Augusto,Diss,adissba@nymag.com,Male,111.7.216.176
408,Nick,Corden,ncordenbb@vinaora.com,Male,198.102.33.67
409,Ciro,Masser,cmasserbc@clickbank.net,Male,20.24.206.106
410,Elwira,Rosencrantz,erosencrantzbd@aol.com,Female,116.139.87.28
411,Gardie,Carlozzi,gcarlozzibe@dailymail.co.uk,Male,193.87.253.129
412,Carmon,Rutherford,crutherfordbf@youtu.be,Female,26.182.45.31
413,Jewelle,Palombi,jpalombibg@biglobe.ne.jp,Female,4.54.211.139
414,Billie,Leopard,,Male,97.146.241.214
415,Violette,Lundy,vlundybi@msn.com,Female,45.53.14.61
416,Mile,Pentycost,mpentycostbj@mozilla.org,Male,180.159.104.219
417,Kori,Scargill,kscargillbk@wisc.edu,Female,4.59.217.46
418,Mendy,MacGee,mmacgeebl@hibu.com,Genderqueer,164.72.204.146
419,Gallard,Dobbing,gdobbingbm@archive.org,Male,199.18.49.17
420,Thomasine,Ferminger,tfermingerbn@prnewswire.com,Female,139.98.238.83
421,Layney,Steeples,lsteeplesbo@omniture.com,Female,138.40.4.122
422,Emmy,Sackes,esackesbp@umich.edu,Male,
423,Ashley,Croyser,acroyserbq@uiuc.edu,Male,83.167.129.44
424,Shelby,Brendel,sbrendelbr@dailymotion.com,Male,163.137.141.9
425,Roddie,Stannard,rstannardbs@homestead.com,Male,137.219.240.68
426,Netta,Benduhn,nbenduhnbt@boston.com,Female,81.1.23.2
427,Dulcia,Batterson,dbattersonbu@trellian.com,Female,245.218.99.4
428,Irina,Sidnell,isidnellbv@uol.com.br,Female,242.18.247.206
429,Kincaid,Glenfield,kglenfieldbw@symantec.com,Agender,18.159.96.99
430,Jaquelin,Waterstone,jwaterstonebx@deviantart.com,Female,45.103.213.41
431,Kizzie,Rennebach,krennebachby@360.cn,Non-binary,47.245.142.190
432,Bogey,Esslemont,besslemontbz@arizona.edu,Male,40.31.46.166
433,Beauregard,Durrans,bdurransc0@surveymonkey.com,Male,167.172.252.187
434,Keelia,Denial,kdenialc1@weather.com,Female,118.62.72.135
435,Halli,Crutch,hcrutchc2@stanford.edu,Female,51.169.128.153
436,Nowell,Yitzhakof,nyitzhakofc3@weibo.com,Male,110.134.69.183
437,Elaine,Bulteel,ebulteelc4@taobao.com,Female,193.162.227.142
438,Hubey,Bliben,hblibenc5@patch.com,Male,201.85.239.160
439,Persis,Bayne,pbaynec6@hubpages.com,Female,254.87.49.255
440,Brinna,Tolemache,btolemachec7@miibeian.gov.cn,Agender,238.109.171.202
441,Orsola,Harries,oharriesc8@delicious.com,Non-binary,253.5.61.96
442,Mikel,Beckenham,mbeckenhamc9@ucla.edu,Male,250.180.51.154
443,Herman,Reaney,,Male,219.227.137.142
444,Reggie,Gehringer,rgehringercb@wikispaces.com,Male,45.65.146.24
445,Burke,Peltz,bpeltzcc@delicious.com,Male,219.24.176.138
446,Valeda,Abelson,vabelsoncd@ameblo.jp,Female,24.43.229.215
447,Bram,Prator,,Male,53.109.197.181
448,Corbin,McMychem,cmcmychemcf@xinhuanet.com,Male,175.122.128.175
449,Nicolas,Andrea,nandreacg@cam.ac.uk,Male,12.147.205.46
450,Gavra,Pooley,gpooleych@time.com,Female,188.44.221.236
451,Sid,Collins,scollinsci@geocities.jp,Male,225.235.137.249
452,Mattie,Ashborne,mashbornecj@jalbum.net,Bigender,50.107.62.113
453,Dionne,Lysons,dlysonsck@virginia.edu,Female,22.92.11.78
454,Mela,Bullick,mbullickcl@reference.com,Female,34.28.168.204
455,Phyllida,Marcu,pmarcucm@cocolog-nifty.com,Female,184.28.208.201
456,Aldis,Scullion,ascullioncn@soundcloud.com,Male,79.26.87.136
457,Giselle,McConnel,gmcconnelco@amazon.de,Female,250.185.11.237
458,Uriah,Geldard,ugeldardcp@flickr.com,Male,186.112.77.88
459,Farand,Swindon,fswindoncq@nasa.gov,Female,254.17.165.176
460,Emmi,Lampl,elamplcr@blogtalkradio.com,Female,96.141.39.225
461,Gerda,Lovell,glovellcs@oaic.gov.au,Genderqueer,99.137.26.128
462,Bellanca,Latty,blattyct@wiley.com,Female,0.50.255.77
463,Celesta,Haithwaite,chaithwaitecu@who.int,Female,175.36.134.63
464,Milka,Cornish,mcornishcv@w3.org,Female,
465,Fiorenze,Waltering,fwalteringcw@addthis.com,Female,36.95.246.73
466,Goddard,Verring,gverringcx@newyorker.com,Polygender,84.136.201.90
467,Binny,Ager,bagercy@zimbio.com,Female,128.150.202.65
468,Stepha,Furmenger,sfurmengercz@wsj.com,Female,83.160.115.23
469,Nils,Morrill,,Male,92.83.66.248
470,Lu,Matas,lmatasd1@imageshack.us,Female,218.178.155.99
471,Darsey,Gudgin,dgudgind2@google.ru,Female,114.53.31.184
472,Tiffany,Reymers,treymersd3@nationalgeographic.com,Female,174.48.133.55
473,Sophi,Kelling,,Female,186.7.209.130
474,Hart,Legan,hlegand5@virginia.edu,Male,12.81.145.253
475,Shellie,Wittleton,swittletond6@usatoday.com,Female,231.23.67.110
476,Cordelie,Jellybrand,cjellybrandd7@joomla.org,Genderqueer,73.249.159.224
477,Ashien,Conkay,aconkayd8@businessweek.com,Female,14.184.91.234
478,Arvy,Gregolotti,agregolottid9@histats.com,Male,53.72.80.83
479,Antonina,Chmarny,achmarnyda@dedecms.com,Female,8.165.226.48
480,Adorne,Klemke,aklemkedb@wikimedia.org,Female,
481,Vincenty,Lawey,,Male,40.43.8.64
482,Bailey,Emig,bemigdd@newsvine.com,Male,245.221.234.173
483,Delainey,Sacase,dsacasede@walmart.com,Male,201.37.165.157
484,Carlota,Kapelhoff,ckapelhoffdf@examiner.com,Female,62.39.190.131
485,Kristina,Brumby,kbrumbydg@51.la,Genderqueer,253.214.116.159
486,Herman,Sorrie,hsorriedh@senate.gov,Male,34.215.234.19
487,Xenos,Wyldish,xwyldishdi@huffingtonpost.com,Genderfluid,210.242.86.145
488,Flemming,Egarr,,Polygender,142.88.221.16
489,Thorn,Chaman,,Male,231.148.78.149
490,Darice,Barthel,dbartheldl@printfriendly.com,Female,229.232.68.59
491,Vickie,Sijmons,vsijmonsdm@odnoklassniki.ru,Female,202.165.85.218
492,Blake,Dobrovolny,bdobrovolnydn@google.com.hk,Female,131.251.75.154
493,Dur,Barley,,Male,123.102.142.85
494,Gwyneth,Sillars,gsillarsdp@wufoo.com,Polygender,33.142.99.41
495,Alyssa,Tobias,atobiasdq@smugmug.com,Female,18.28.132.122
496,Henry,Gravet,hgravetdr@vimeo.com,Male,79.12.173.191
497,Nobe,Nickless,nnicklessds@infoseek.co.jp,Polygender,231.174.230.162
498,Kristyn,Presdee,kpresdeedt@last.fm,Female,178.177.78.179
499,Dennie,Lambillion,dlambilliondu@mac.com,Male,18.58.160.195
500,Abdel,Voff,avoffdv@tinypic.com,Male,212.140.58.209
501,Miner,Ferries,,Polygender,162.25.232.102
502,Lorelei,Fouracre,lfouracredx@lulu.com,Female,24.151.141.144
503,Zebedee,Oke,,Male,49.131.24.109
504,Gino,McPharlain,gmcpharlaindz@mapquest.com,Male,121.125.50.179
505,Gerardo,Donan,,Agender,75.226.75.167
506,Lissa,Truett,ltruette1@biblegateway.com,Female,6.182.209.2
507,Montague,Hillock,mhillocke2@ucoz.com,Male,23.3.70.33
508,Dominica,Porter,dportere3@walmart.com,Female,76.194.238.159
509,Kaylil,Wyman,kwymane4@biblegateway.com,Female,143.73.108.119
510,Manon,Banck,mbancke5@quantcast.com,Female,144.96.51.209
511,Yehudit,Gunney,ygunneye6@wordpress.org,Male,94.194.13.168
512,Kendra,Aberchirder,,Genderqueer,42.243.86.134
513,Winona,Langston,wlangstone8@mayoclinic.com,Female,67.133.129.103
514,Eden,Founds,efoundse9@paypal.com,Female,250.112.80.186
515,Marne,Chucks,mchucksea@msn.com,Female,47.68.150.139
516,Godard,McLeoid,gmcleoideb@pinterest.com,Male,179.61.212.223
517,Faber,Lindman,flindmanec@timesonline.co.uk,Male,148.222.90.221
518,Reider,Roxburgh,rroxburghed@imdb.com,Male,175.235.69.80
519,Antonino,Yeulet,ayeuletee@washington.edu,Male,
520,Susy,Mattioni,smattionief@homestead.com,Female,
521,Benjamin,Howroyd,bhowroydeg@acquirethisname.com,Male,183.239.242.179
522,Darlene,Driver,ddrivereh@squarespace.com,Female,
523,Lynnett,Tankus,ltankusei@sina.com.cn,Female,
524,Buffy,Urch,burchej@godaddy.com,Female,108.58.203.46
525,Fernanda,Goodlip,fgoodlipek@telegraph.co.uk,Female,157.161.125.136
526,Reginald,De Hoogh,rdehooghel@tinypic.com,Male,3.138.72.108
527,Madlin,Alejandre,malejandreem@un.org,Female,224.169.241.131
528,Amalita,Girhard,,Female,205.207.128.206
529,Colver,Perrottet,cperrotteteo@livejournal.com,Male,108.127.210.70
530,Beau,Salling,,Male,57.231.210.248
531,Evangeline,Llewellin,ellewellineq@yandex.ru,Female,20.254.72.18
532,Hope,Earwaker,hearwakerer@nifty.com,Female,35.67.227.17
533,Ruthe,Gwilliam,rgwilliames@t-online.de,Female,36.31.100.253
534,Allene,Ellacott,aellacottet@xing.com,Bigender,167.54.247.0
535,Tally,Draxford,tdraxfordeu@bluehost.com,Male,47.173.92.188
536,Jessie,McDermott-Row,,Male,3.86.40.72
537,Margy,Gamell,mgamellew@dropbox.com,Female,21.214.190.57
538,Iosep,Whorlton,,Male,246.241.84.83
539,Sherm,Milham,,Male,131.49.209.23
540,Tallia,Jirieck,tjirieckez@nyu.edu,Female,96.239.142.15
541,Celle,Woolerton,cwoolertonf0@samsung.com,Female,77.62.51.75
542,Barbabas,Derrington,,Polygender,129.167.110.226
543,Tatiania,Sharratt,tsharrattf2@a8.net,Female,193.169.47.175
544,Rebecka,Ledster,rledsterf3@storify.com,Female,75.136.235.176
545,Farand,Lyver,flyverf4@sciencedaily.com,Female,59.147.211.176
546,Briggs,Sorley,bsorleyf5@globo.com,Male,207.91.163.217
547,Rudie,Clemencon,rclemenconf6@microsoft.com,Male,111.16.26.88
548,Rutledge,Kadwallider,rkadwalliderf7@nationalgeographic.com,Male,39.182.103.45
549,Donnie,Rottery,,Male,180.64.255.5
550,Alvy,Gatfield,agatfieldf9@vk.com,Male,
551,Mal,Turton,mturtonfa@bigcartel.com,Male,146.170.150.157
552,Shandy,Bertomier,sbertomierfb@yahoo.co.jp,Genderqueer,132.97.227.79
553,Deck,Purtell,,Male,126.114.225.88
554,Saunder,Andrat,sandratfd@dedecms.com,Male,57.64.44.153
555,Karoly,Baunton,kbauntonfe@tmall.com,Female,55.56.252.112
556,Caritta,Huscroft,chuscroftff@wikia.com,Female,204.201.181.191
557,Corena,Muddicliffe,cmuddicliffefg@nymag.com,Female,105.5.7.98
558,Aguste,MacIlory,amaciloryfh@ed.gov,Male,31.197.83.153
559,Tull,de Grey,tdegreyfi@soundcloud.com,Male,99.81.250.91
560,Ive,Hyde,,Male,149.6.23.75
561,Elisha,Geffinger,egeffingerfk@flavors.me,Female,238.206.160.190
562,Wilhelmina,Dumphry,wdumphryfl@parallels.com,Female,213.18.43.141
563,Neill,Shade,nshadefm@sina.com.cn,Male,61.14.103.210
564,Dollie,Sebring,dsebringfn@howstuffworks.com,Female,109.209.218.15
565,Garwood,Floyd,gfloydfo@vk.com,Male,99.92.190.71
566,Jackie,De Atta,jdeattafp@jugem.jp,Female,77.129.195.55
567,Cherise,Scraney,cscraneyfq@biglobe.ne.jp,Female,
568,Hammad,Pesic,hpesicfr@bravesites.com,Male,152.23.150.228
569,Susette,Everley,severleyfs@archive.org,Female,157.120.58.220
570,Broderick,Lamprecht,blamprechtft@posterous.com,Male,187.49.244.50
571,Whittaker,Donnell,wdonnellfu@seesaa.net,Male,225.152.54.250
572,Ilse,Boggish,,Female,201.73.198.33
573,Nona,Dupey,ndupeyfw@woothemes.com,Female,241.74.221.207
574,Timofei,Meys,tmeysfx@sun.com,Male,173.175.180.247
575,Orion,Kittman,okittmanfy@drupal.org,Male,12.63.134.113
576,Paul,Morot,pmorotfz@geocities.com,Male,35.178.128.180
577,Carolyne,Aymerich,caymerichg0@usgs.gov,Female,235.19.49.24
578,Glendon,Fludgate,gfludgateg1@google.co.jp,Male,236.137.103.234
579,Eustace,Hardeman,ehardemang2@vinaora.com,Male,89.243.97.92
580,Coreen,Dobbings,cdobbingsg3@dion.ne.jp,Female,3.43.216.14
581,Monro,Cruse,mcruseg4@domainmarket.com,Male,
582,Alisun,Drewitt,adrewittg5@earthlink.net,Female,61.30.253.24
583,Leda,Leven,lleveng6@addtoany.com,Female,202.86.18.104
584,Pavla,Dakin,pdaking7@newsvine.com,Female,28.139.181.116
585,Luise,Lornsen,llornseng8@samsung.com,Genderfluid,150.241.60.252
586,Welsh,Bigham,wbighamg9@google.com,Male,60.64.145.17
587,Margo,de Guerre,mdeguerrega@alexa.com,Female,238.158.73.243
588,Alica,Palatino,,Female,87.204.91.138
589,Ardyth,Seage,aseagegc@phoca.cz,Female,48.100.4.35
590,Magdalene,Loveland,mlovelandgd@va.gov,Female,67.46.172.16
591,Steven,Newrick,snewrickge@oaic.gov.au,Male,108.110.181.10
592,Jareb,Stonestreet,jstonestreetgf@samsung.com,Male,160.106.79.43
593,Jo,Dunseath,,Female,96.234.13.32
594,Lilah,Geerits,lgeeritsgh@youtu.be,Female,205.41.47.33
595,Lorrin,McVrone,lmcvronegi@census.gov,Female,218.82.59.209
596,Cristy,Bagger,cbaggergj@ox.ac.uk,Female,151.208.187.152
597,Wenda,Pedron,wpedrongk@naver.com,Female,205.184.169.48
598,Davis,Duesbury,dduesburygl@delicious.com,Male,
599,Samara,Mussalli,smussalligm@time.com,Female,159.250.33.148
600,Cindelyn,O' Driscoll,codriscollgn@utexas.edu,Female,145.117.29.188
601,Michal,Walthall,mwalthallgo@java.com,Male,79.225.100.104
602,Karoly,Dickinson,kdickinsongp@pcworld.com,Non-binary,4.199.118.95
603,Ringo,Stannett,rstannettgq@stumbleupon.com,Male,222.92.149.9
604,Fitz,Peasby,fpeasbygr@histats.com,Male,158.53.141.196
605,Jolyn,Dunne,jdunnegs@weather.com,Female,
606,Godfrey,Ash,gashgt@columbia.edu,Male,205.130.97.217
607,Mervin,Whooley,,Male,21.5.186.19
608,Chrisy,Salkeld,csalkeldgv@pen.io,Male,141.235.235.158
609,Dacey,MacLleese,dmaclleesegw@google.pl,Female,13.255.60.56
610,Aubrette,Dewbury,,Female,30.81.184.135
611,Mariele,Stable,,Female,65.239.52.10
612,Ashly,Vigne,avignegz@sun.com,Female,62.57.23.70
613,Kimberlyn,Covotti,,Female,
614,Norby,Treadgear,ntreadgearh1@google.com.br,Male,58.191.213.73
615,Humfrid,Longfut,hlongfuth2@patch.com,Male,226.77.119.30
616,Alonzo,Rabson,,Male,151.71.33.248
617,Stepha,Jasiak,,Female,41.116.118.233
618,Nata,Workman,nworkmanh5@youku.com,Female,27.4.129.129
619,Rees,Crisp,rcrisph6@oaic.gov.au,Male,74.2.203.193
620,Betteanne,Woolland,bwoollandh7@toplist.cz,Female,6.232.182.101
621,Alexio,Crisford,acrisfordh8@wiley.com,Male,139.72.122.209
622,Osgood,Tancock,otancockh9@instagram.com,Male,13.231.144.38
623,Kathryn,Bum,kbumha@illinois.edu,Female,151.189.69.57
624,Gabby,Trimbey,,Agender,233.154.121.246
625,Jaimie,Guerola,jguerolahc@ameblo.jp,Female,45.16.12.52
626,Hasheem,Curm,hcurmhd@wikimedia.org,Male,
627,Manuel,Vyse,mvysehe@spiegel.de,Bigender,169.254.34.10
628,Cassie,Scanlan,cscanlanhf@cloudflare.com,Male,28.173.245.235
629,Myrtie,Hemms,mhemmshg@infoseek.co.jp,Female,64.196.191.151
630,Reyna,Atack,ratackhh@jugem.jp,Female,178.72.77.147
631,Elroy,Crysell,ecrysellhi@cnet.com,Male,136.197.127.104
632,Michel,Coners,mconershj@wordpress.org,Male,149.101.54.120
633,Sydney,Pollastro,spollastrohk@lycos.com,Female,98.172.159.101
634,Nellie,McKinn,nmckinnhl@webnode.com,Female,91.210.138.15
635,Derril,Jobey,djobeyhm@so-net.ne.jp,Male,241.138.245.210
636,Geoffrey,Cartwright,,Male,76.193.19.158
637,Selina,Lettuce,slettuceho@cargocollective.com,Female,153.194.215.201
638,Janna,Simao,,Female,138.179.71.145
639,Horst,Claiden,hclaidenhq@i2i.jp,Male,150.21.30.99
640,Shannan,Betho,,Male,
641,Gilda,Aslet,,Female,110.94.6.251
642,Kennan,Crus,kcrusht@amazon.co.jp,Male,80.130.170.117
643,Jasmin,Stangroom,jstangroomhu@gizmodo.com,Female,206.36.241.229
644,Demetrius,Hinge,,Male,176.150.23.57
645,Foss,Slemming,fslemminghw@whitehouse.gov,Male,169.37.51.248
646,Alistair,Pakenham,apakenhamhx@g.co,Male,
647,Andee,Heibel,aheibelhy@jiathis.com,Female,254.233.87.56
648,Randi,Lydford,rlydfordhz@ox.ac.uk,Female,82.93.195.218
649,Kirstyn,Haddock,khaddocki0@pagesperso-orange.fr,Female,138.105.105.0
650,Missy,McGonigle,mmcgoniglei1@latimes.com,Female,
651,Will,Tiernan,wtiernani2@cnn.com,Male,114.129.201.106
652,Tyrus,De la Yglesia,,Male,
653,Ronalda,Huburn,,Female,91.171.254.15
654,Cecilius,Berridge,cberridgei5@clickbank.net,Male,128.117.121.244
655,Belvia,Robertucci,,Female,44.120.213.32
656,Nyssa,Dennison,ndennisoni7@unicef.org,Female,14.239.180.101
657,Ursula,Eastcott,ueastcotti8@ucsd.edu,Female,93.10.96.41
658,Angelita,Whebell,awhebelli9@tmall.com,Female,188.201.149.186
659,Nicolas,Catton,ncattonia@amazonaws.com,Male,78.137.55.79
660,Eli,Fenelow,,Male,53.47.65.48
661,Jorey,Bourke,jbourkeic@w3.org,Female,
662,Paulie,McGillivrie,pmcgillivrieid@amazon.co.jp,Female,41.177.155.167
663,Reggi,Cuff,rcuffie@biglobe.ne.jp,Female,88.60.176.13
664,Pietra,Pattullo,ppattulloif@ow.ly,Female,
665,Isobel,Maldin,imaldinig@jimdo.com,Female,93.6.178.137
666,Ruperta,Downing,rdowningih@jigsy.com,Female,181.38.216.34
667,Rayner,Springett,rspringettii@deliciousdays.com,Male,190.38.160.158
668,Ettie,Reyne,ereyneij@com.com,Female,240.61.211.5
669,Alvinia,Gowen,agowenik@elpais.com,Genderqueer,26.204.174.50
670,Alon,Masselin,amasselinil@imgur.com,Male,144.229.34.13
671,Errick,Cornwell,ecornwellim@4shared.com,Male,97.80.90.232
672,Reeta,Catherine,rcatherinein@netvibes.com,Female,75.239.241.98
673,Colette,Latliff,clatliffio@deviantart.com,Agender,76.4.75.31
674,Jameson,Peers,jpeersip@360.cn,Male,4.220.201.200
675,Herrick,Doberer,hdobereriq@github.com,Male,185.120.169.255
676,Heywood,Gladdor,hgladdorir@nbcnews.com,Male,138.115.72.224
677,Nicol,Wateridge,nwateridgeis@github.com,Female,184.11.26.149
678,Mattie,Guidelli,mguidelliit@tamu.edu,Male,149.245.73.183
679,Nicki,Shildrick,nshildrickiu@microsoft.com,Female,79.186.73.28
680,Hetty,Masselin,,Polygender,205.171.79.111
681,Ardisj,Wilbud,awilbudiw@globo.com,Bigender,42.41.92.3
682,Humfrey,Tambling,,Male,241.100.140.131
683,Codee,Boraston,cborastoniy@chron.com,Female,84.137.182.197
684,Morse,Sollett,msollettiz@salon.com,Male,43.89.173.214
685,Cointon,Mylan,cmylanj0@ucoz.com,Genderfluid,130.175.241.12
686,Whitaker,Cairney,wcairneyj1@shop-pro.jp,Male,98.213.72.98
687,Jammal,Lamberti,jlambertij2@paginegialle.it,Male,231.138.195.146
688,Rufe,Renard,rrenardj3@umich.edu,Male,226.171.4.201
689,Karoly,Dunstan,kdunstanj4@vk.com,Male,181.221.125.154
690,Charlton,Matuska,,Male,176.58.144.176
691,Jeane,MacCard,jmaccardj6@posterous.com,Female,13.239.117.95
692,Lainey,Masurel,lmasurelj7@comcast.net,Polygender,162.252.218.50
693,Valdemar,Tschirschky,vtschirschkyj8@wisc.edu,Male,30.212.107.131
694,Shina,Strutz,,Female,145.247.94.141
695,Kilian,Blackleech,kblackleechja@newsvine.com,Male,9.118.71.193
696,Ezri,Sjollema,esjollemajb@lulu.com,Male,197.123.7.179
697,Gabriel,Drysdell,gdrysdelljc@cisco.com,Female,55.200.112.46
698,Galvan,Tooker,,Male,208.197.97.24
699,Olva,Wreakes,owreakesje@51.la,Female,187.238.202.138
700,Gabi,Vasyukhin,gvasyukhinjf@t.co,Non-binary,
701,Oswald,Noury,onouryjg@nyu.edu,Male,107.111.219.252
702,Stearne,Heinish,,Male,251.9.98.86
703,Alameda,Lefeuvre,alefeuvreji@hexun.com,Female,207.239.200.157
704,Kennie,Denisot,kdenisotjj@archive.org,Agender,235.170.73.171
705,Rafi,Pagon,rpagonjk@php.net,Male,75.30.221.110
706,Obie,Beauman,obeaumanjl@bloglines.com,Male,125.41.172.49
707,Redd,Bullene,rbullenejm@gnu.org,Bigender,167.121.122.55
708,Cristian,Sherr,csherrjn@mysql.com,Male,144.165.56.0
709,Wallis,Taffrey,wtaffreyjo@facebook.com,Male,132.59.41.188
710,Eugenius,Lowde,elowdejp@wisc.edu,Male,83.8.235.18
711,Roby,Nolda,rnoldajq@army.mil,Female,130.94.34.15
712,Vivyanne,Nealand,,Female,242.230.203.161
713,Miran,Hubbock,mhubbockjs@mapy.cz,Female,235.123.23.107
714,Konstantine,Matskevich,kmatskevichjt@symantec.com,Male,93.200.16.35
715,Howey,Soan,hsoanju@woothemes.com,Male,57.127.206.121
716,Juliette,Jozsika,jjozsikajv@admin.ch,Female,
717,Toddy,Jephcott,tjephcottjw@typepad.com,Male,32.253.1.138
718,Robinette,Dionisi,rdionisijx@com.com,Genderqueer,206.27.67.157
719,Jake,Miles,jmilesjy@tumblr.com,Male,25.101.7.48
720,Kellsie,Bonefant,kbonefantjz@miibeian.gov.cn,Female,171.179.147.15
721,Bert,Grimsey,bgrimseyk0@discovery.com,Male,162.26.146.204
722,Cesya,Endean,cendeank1@unc.edu,Female,
723,Conni,Hallowes,challowesk2@elegantthemes.com,Female,16.107.41.238
724,Cinderella,Tilburn,,Female,83.51.210.216
725,Ardene,Withers,awithersk4@tinypic.com,Female,
726,Douglas,Stilgoe,dstilgoek5@nationalgeographic.com,Male,254.18.215.75
727,Laverna,Foux,lfouxk6@scientificamerican.com,Polygender,36.208.71.81
728,Tonia,Amer,tamerk7@google.pl,Non-binary,76.243.99.165
729,Ingmar,Grolle,igrollek8@wordpress.com,Male,202.198.55.168
730,Grove,Binstead,,Male,157.238.75.147
731,Dulci,Monkeman,dmonkemanka@soup.io,Female,224.200.138.29
732,Yul,Kindley,ykindleykb@etsy.com,Male,
733,Lurleen,Blackbourn,lblackbournkc@example.com,Female,111.241.199.19
734,Erny,Tutchings,etutchingskd@usgs.gov,Male,90.29.24.156
735,Timmie,Jeaffreson,tjeaffresonke@wisc.edu,Female,133.184.249.5
736,Cordy,Brickell,cbrickellkf@freewebs.com,Female,149.223.7.100
737,Ingamar,Casley,icasleykg@unc.edu,Male,42.222.121.126
738,Sari,Illsley,,Female,
739,Giordano,Longcake,,Male,218.24.204.211
740,Dene,Tulloch,dtullochkj@exblog.jp,Male,239.87.57.238
741,Michail,Goodhall,mgoodhallkk@histats.com,Male,235.184.222.139
742,Theda,Fuzzard,tfuzzardkl@goodreads.com,Female,117.31.217.57
743,Arney,Vardie,avardiekm@wikipedia.org,Genderfluid,145.197.117.207
744,Ronalda,Moline,rmolinekn@etsy.com,Female,155.171.186.11
745,Irina,Jamary,ijamaryko@chronoengine.com,Female,42.3.56.241
746,Parsifal,De Freitas,pdefreitaskp@washington.edu,Male,54.246.27.141
747,Louie,Goodbur,lgoodburkq@weather.com,Male,64.207.114.249
748,Bev,Halvosen,bhalvosenkr@sourceforge.net,Male,223.216.192.97
749,Matthus,Shirtcliffe,mshirtcliffeks@soup.io,Male,33.74.186.177
750,Hamish,Wrankling,hwranklingkt@addtoany.com,Male,221.130.200.192
751,Steve,Seer,sseerku@indiatimes.com,Polygender,250.169.101.133
752,Dionysus,Collisson,dcollissonkv@deliciousdays.com,Genderqueer,245.133.127.99
753,Nessie,Claridge,nclaridgekw@comsenz.com,Female,48.75.24.249
754,Paola,Gammons,pgammonskx@themeforest.net,Female,131.243.154.182
755,Bronson,Roome,broomeky@prlog.org,Male,90.7.157.30
756,Trever,Barnhart,tbarnhartkz@vinaora.com,Male,
757,Ezequiel,Bradock,ebradockl0@walmart.com,Male,22.143.160.45
758,Renell,Stranieri,rstranieril1@fda.gov,Female,129.112.166.133
759,Carlye,Athelstan,cathelstanl2@independent.co.uk,Non-binary,50.94.94.139
760,Theodore,Shewery,tsheweryl3@fc2.com,Male,209.78.3.202
761,Bettine,Darlasson,bdarlassonl4@pen.io,Polygender,74.214.112.139
762,Ryan,Tipper,rtipperl5@acquirethisname.com,Male,130.31.26.219
763,Keelia,Sapir,ksapirl6@vistaprint.com,Female,174.88.87.193
764,Anna-diana,De Carlo,,Female,242.116.87.169
765,Julius,Jedrzejczak,jjedrzejczakl8@si.edu,Male,175.168.46.27
766,Gill,Brisson,gbrissonl9@geocities.com,Male,135.28.34.188
767,Rodolph,Beesey,rbeeseyla@answers.com,Male,137.241.67.6
768,Donetta,Heams,dheamslb@apache.org,Female,16.38.81.159
769,Melodie,Celand,mcelandlc@dropbox.com,Female,
770,Pepi,Hully,,Female,168.23.209.2
771,Audry,Skilling,askillingle@apple.com,Female,54.120.142.220
772,Lexine,Quiney,lquineylf@soundcloud.com,Female,
773,Ronald,Tumbelty,rtumbeltylg@oaic.gov.au,Male,159.171.107.138
774,Mickie,Flageul,mflageullh@noaa.gov,Male,42.171.34.89
775,Steffen,Bagby,sbagbyli@parallels.com,Male,167.135.187.93
776,Sebastian,Varney,svarneylj@paginegialle.it,Male,88.20.89.212
777,Robbyn,Etchells,retchellslk@macromedia.com,Female,153.225.71.168
778,Wesley,Jennens,wjennensll@theatlantic.com,Male,
779,Trev,Blaza,tblazalm@bloglines.com,Male,135.94.10.224
780,Benoite,Leband,,Female,134.19.244.200
781,Luci,Segebrecht,lsegebrechtlo@statcounter.com,Female,189.183.60.44
782,Davy,Dolley,ddolleylp@earthlink.net,Male,223.49.26.147
783,Ingaborg,Janicijevic,,Female,113.90.147.182
784,Ravid,Bennallck,rbennallcklr@bloomberg.com,Male,16.222.65.135
785,Danyelle,Pennazzi,dpennazzils@cam.ac.uk,Female,217.1.145.111
786,Fina,Yerlett,fyerlettlt@ask.com,Female,58.98.109.20
787,Cinda,Quincee,cquinceelu@mashable.com,Female,222.151.205.165
788,Egon,Oehm,,Male,156.186.82.198
789,Patti,Patience,ppatiencelw@cam.ac.uk,Female,154.177.199.210
790,Koressa,Ollivier,kollivierlx@arstechnica.com,Female,222.77.44.239
791,Mellisa,Chatteris,mchatterisly@alexa.com,Female,193.227.0.245
792,Terencio,Burr,,Male,106.98.128.234
793,Darsie,Peete,dpeetem0@examiner.com,Female,14.51.186.172
794,Jacqui,Enefer,jeneferm1@homestead.com,Female,64.52.37.62
795,Brandon,Firks,bfirksm2@dot.gov,Male,32.250.67.19
796,Lusa,Getty,lgettym3@mapquest.com,Female,177.225.238.24
797,Caroljean,MacNeachtain,cmacneachtainm4@abc.net.au,Female,
798,Shanie,Lenahan,slenahanm5@cdbaby.com,Female,81.255.122.46
799,Odele,Load,oloadm6@walmart.com,Non-binary,174.229.73.119
800,Iorgos,Beeson,ibeesonm7@dailymail.co.uk,Male,232.207.210.1
801,Tiff,Rodda,troddam8@patch.com,Female,231.18.254.201
802,Jerrie,Cecely,,Male,249.125.93.2
803,Benn,Absolom,babsolomma@msu.edu,Male,46.180.71.10
804,Russ,Sunshine,rsunshinemb@cbc.ca,Male,208.54.107.59
805,Esther,Wieprecht,,Female,
806,Haze,Dauney,,Male,159.129.18.59
807,Jeth,Pollastrino,jpollastrinome@ehow.com,Male,31.215.137.48
808,Dougie,Hickinbottom,dhickinbottommf@nhs.uk,Male,56.24.215.95
809,Harmon,McMurraya,hmcmurrayamg@yale.edu,Male,14.37.133.120
810,Fidelio,Wotherspoon,fwotherspoonmh@hhs.gov,Male,
811,Murry,Rennels,mrennelsmi@tinypic.com,Male,30.100.189.19
812,Talbot,Hunnable,thunnablemj@msu.edu,Male,60.157.110.32
813,Sherwynd,Cadman,scadmanmk@ca.gov,Male,64.120.51.56
814,Gillie,Fontenot,gfontenotml@virginia.edu,Female,189.101.87.37
815,Lynsey,Uvedale,,Female,50.198.82.105
816,Della,Blomefield,dblomefieldmn@salon.com,Female,11.138.16.137
817,Egbert,Donan,,Male,238.78.90.189
818,Jonie,Barensky,jbarenskymp@soup.io,Female,240.164.253.164
819,Carmine,Hans,chansmq@cpanel.net,Female,178.137.189.239
820,Niven,Upstone,nupstonemr@nifty.com,Bigender,83.174.70.148
821,Katine,Caldaro,kcaldaroms@tripadvisor.com,Female,201.114.4.47
822,Garik,MacGillacolm,gmacgillacolmmt@yahoo.com,Male,253.210.255.64
823,Dorene,Comber,dcombermu@ibm.com,Female,212.99.241.236
824,Idalia,Callow,icallowmv@buzzfeed.com,Female,28.237.95.14
825,Catharine,Setchell,csetchellmw@latimes.com,Female,113.46.127.230
826,Araldo,Matschuk,amatschukmx@cargocollective.com,Non-binary,161.33.103.131
827,Penny,Semorad,psemoradmy@fda.gov,Male,18.217.236.148
828,Ambrosio,Grgic,agrgicmz@ihg.com,Male,108.7.44.104
829,Artur,McCumesky,amccumeskyn0@blogtalkradio.com,Male,118.202.85.128
830,Palm,Sallery,psalleryn1@harvard.edu,Male,106.236.111.185
831,Linn,Smartman,,Female,1.140.188.179
832,Darbee,Dafforne,ddaffornen3@examiner.com,Male,
833,Joellyn,Nias,jniasn4@ovh.net,Female,216.77.44.37
834,Margette,Worcester,mworcestern5@sbwire.com,Female,22.26.120.128
835,Nat,Fandrich,,Female,145.29.61.101
836,Melania,Castanho,,Female,238.1.17.239
837,Yuma,Crowdson,ycrowdsonn8@techcrunch.com,Male,65.176.111.118
838,Rozina,Woolbrook,rwoolbrookn9@oakley.com,Female,210.100.79.202
839,Raymund,Ehrat,rehratna@vk.com,Male,213.232.17.121
840,Andriette,Fairhurst,afairhurstnb@geocities.com,Agender,57.176.109.43
841,Kurtis,Grange,kgrangenc@livejournal.com,Male,219.108.65.166
842,Rutledge,Grayland,rgraylandnd@npr.org,Male,64.42.248.234
843,Joeann,Feasby,,Female,67.47.78.164
844,Madlen,Rycraft,mrycraftnf@lulu.com,Female,187.130.83.9
845,Oliviero,Roux,orouxng@simplemachines.org,Male,131.73.127.155
846,Jodi,Scammell,jscammellnh@stumbleupon.com,Male,69.157.27.15
847,Xymenes,Geharke,,Male,181.85.252.252
848,Martina,Dawltrey,mdawltreynj@tripadvisor.com,Female,203.80.4.7
849,North,Mirfield,nmirfieldnk@paypal.com,Male,83.154.89.202
850,Jacinta,Rupert,jrupertnl@g.co,Female,154.165.105.54
851,Portia,Cruces,pcrucesnm@shop-pro.jp,Female,165.129.182.121
852,Rose,Old,roldnn@w3.org,Female,41.204.165.239
853,Sher,Cassius,scassiusno@cam.ac.uk,Female,143.33.32.249
854,Dyana,Duchant,dduchantnp@purevolume.com,Female,220.253.21.57
855,Faustina,Hairesnape,fhairesnapenq@princeton.edu,Agender,11.217.118.133
856,Edy,Deaves,,Female,58.176.235.156
857,Jocelyn,Helis,jhelisns@go.com,Female,158.227.140.27
858,Dyane,Colwill,dcolwillnt@prlog.org,Female,166.178.13.59
859,Chaunce,Sudworth,csudworthnu@cdc.gov,Male,242.144.11.63
860,Jemmy,Findley,jfindleynv@geocities.com,Female,221.85.140.227
861,Doy,Lettson,dlettsonnw@moonfruit.com,Male,10.82.146.82
862,Adora,Creyke,acreykenx@cbc.ca,Female,122.51.73.166
863,Eloise,Farlham,efarlhamny@uiuc.edu,Female,229.91.176.68
864,Cristie,Seer,cseernz@desdev.cn,Female,193.63.142.107
865,Penelope,Axelbey,paxelbeyo0@businessweek.com,Female,129.54.252.214
866,Letty,Colmer,lcolmero1@typepad.com,Female,
867,Morrie,Pues,mpueso2@feedburner.com,Male,209.112.72.213
868,Rebekkah,McCaughen,rmccaugheno3@squarespace.com,Female,134.255.153.127
869,Richard,Rentz,rrentzo4@youku.com,Male,49.162.19.146
870,Darrin,McArd,dmcardo5@europa.eu,Genderqueer,131.199.130.255
871,Joellyn,Brauninger,jbrauningero6@indiatimes.com,Agender,186.186.243.207
872,Anna-maria,Pagen,apageno7@wikia.com,Female,66.32.235.12
873,Ario,Willbourne,awillbourneo8@gizmodo.com,Male,67.3.187.201
874,Tory,Cafferky,tcafferkyo9@opera.com,Female,73.85.216.255
875,Richy,Iskowicz,riskowiczoa@opera.com,Male,85.96.107.51
876,Eleanor,Samudio,esamudioob@sakura.ne.jp,Female,224.181.11.19
877,Allistir,Marchand,,Agender,137.72.32.48
878,Judas,Glanfield,,Non-binary,146.47.182.79
879,Amabel,Meckiff,,Female,84.39.224.64
880,Christen,Ethersey,cetherseyof@cam.ac.uk,Female,157.170.205.190
881,Andrea,Hernik,ahernikog@cnn.com,Female,49.54.12.12
882,Kayne,Dod,kdodoh@amazon.co.uk,Male,1.156.85.136
883,Ab,Moehler,amoehleroi@skyrock.com,Male,33.81.54.111
884,Fitz,Breukelman,fbreukelmanoj@ftc.gov,Male,123.230.218.165
885,Dion,Cornborough,dcornboroughok@networkadvertising.org,Male,169.120.61.93
886,Maggi,Ferriere,mferriereol@wordpress.com,Female,147.231.243.51
887,Kathi,Worland,,Female,
888,Janene,Pollard,,Female,7.237.228.47
889,Jaine,Icke,jickeoo@ted.com,Female,11.221.43.127
890,Tammy,Pryn,,Female,251.48.193.60
891,Glad,Mcmanaman,gmcmanamanoq@indiatimes.com,Female,142.185.216.88
892,Dacie,Godin,dgodinor@newyorker.com,Female,250.160.103.192
893,Corny,Fawlkes,cfawlkesos@craigslist.org,Female,
894,Desmond,Fisby,,Male,253.150.206.75
895,Randolf,Pochet,rpochetou@guardian.co.uk,Male,170.242.229.86
896,Kennan,Pavic,,Male,7.83.95.103
897,Luella,Ryder,lryderow@nifty.com,Female,31.178.32.249
898,Myrvyn,Dael,,Male,214.104.132.169
899,Barnebas,Saggers,bsaggersoy@un.org,Male,248.83.99.205
900,Julietta,O'Grada,jogradaoz@goodreads.com,Female,56.187.178.251
901,Vassili,Caldero,vcalderop0@forbes.com,Male,
902,Blanche,Armell,barmellp1@msn.com,Polygender,106.232.106.137
903,Alisha,Needs,aneedsp2@forbes.com,Genderqueer,
904,Neil,Sparway,nsparwayp3@twitter.com,Male,44.176.124.54
905,Josefa,Elion,jelionp4@techcrunch.com,Female,241.219.75.116
906,Aloisia,Aitcheson,aaitchesonp5@360.cn,Female,6.145.161.199
907,Orran,Amdohr,oamdohrp6@china.com.cn,Polygender,104.203.185.13
908,Alyssa,Tidman,atidmanp7@cloudflare.com,Female,212.114.254.8
909,Darby,Fadden,,Female,185.28.167.61
910,Maryjane,Geraud,mgeraudp9@gov.uk,Genderqueer,179.34.156.128
911,Reynard,Farrin,rfarrinpa@constantcontact.com,Male,105.16.142.169
912,Curran,Ching,cchingpb@google.nl,Male,148.129.185.158
913,Isaac,Berlin,iberlinpc@answers.com,Male,
914,Elliott,Gianilli,egianillipd@pagesperso-orange.fr,Male,81.213.153.193
915,Kinny,Pithcock,,Male,26.38.238.0
916,Torey,Parks,tparkspf@creativecommons.org,Male,161.186.237.13
917,Jarid,Pickover,jpickoverpg@bloomberg.com,Male,248.210.202.68
918,Scott,Wernher,,Male,110.133.163.207
919,Arnuad,Oxbrough,aoxbroughpi@bigcartel.com,Male,186.20.176.67
920,Jandy,Embleton,jembletonpj@woothemes.com,Female,
921,Bendix,Kearle,,Male,190.233.92.194
922,Arvin,Hambridge,ahambridgepl@parallels.com,Male,48.45.228.44
923,Sheelah,Cattach,scattachpm@sfgate.com,Female,193.152.31.72
924,Maison,Robertsson,mrobertssonpn@vinaora.com,Male,174.119.103.91
925,Blaine,Foyster,bfoysterpo@scientificamerican.com,Bigender,139.30.154.112
926,Gillan,Balloch,gballochpp@youtube.com,Female,101.13.155.97
927,Kim,Jessen,kjessenpq@deviantart.com,Female,49.53.107.101
928,Wes,Guilliland,wguillilandpr@mtv.com,Male,172.41.161.128
929,Kendra,Thebeaud,kthebeaudps@reference.com,Female,105.146.118.90
930,Christye,Ogdahl,cogdahlpt@hp.com,Female,64.148.5.101
931,Amerigo,Bryning,abryningpu@ocn.ne.jp,Male,37.135.190.184
932,Kin,Case,kcasepv@google.ca,Male,1.10.246.184
933,Phillip,Featonby,pfeatonbypw@upenn.edu,Male,146.178.156.190
934,Randal,Andress,,Male,246.70.44.111
935,Danny,Laurentino,dlaurentinopy@icio.us,Female,174.173.17.114
936,Bellanca,Gloy,,Female,121.240.133.18
937,Sanford,Goard,,Male,33.20.113.152
938,Sheppard,Pickthorn,spickthornq1@chronoengine.com,Male,195.46.93.94
939,Matt,Heggison,mheggisonq2@mozilla.org,Male,65.248.163.179
940,Tirrell,Jerok,tjerokq3@ft.com,Male,71.224.64.76
941,Laney,Thurber,,Male,60.127.219.90
942,Dillon,Bysouth,dbysouthq5@wufoo.com,Bigender,230.41.197.224
943,Burnard,Stockwell,bstockwellq6@marriott.com,Male,
944,Britteny,Ick,bickq7@csmonitor.com,Female,76.57.78.237
945,Hakim,Muffin,hmuffinq8@dyndns.org,Male,104.68.109.233
946,Brinna,Marlen,bmarlenq9@ocn.ne.jp,Polygender,251.219.78.176
947,Demetris,Bowers,dbowersqa@freewebs.com,Male,32.241.233.255
948,Gillie,Underwood,gunderwoodqb@economist.com,Female,33.184.39.80
949,Cheri,Swayne,cswayneqc@fastcompany.com,Female,197.23.216.210
950,Chev,Cullinane,,Male,31.187.135.240
951,Cordelia,Mably,cmablyqe@sogou.com,Female,184.6.36.114
952,Ulrick,Norquoy,unorquoyqf@booking.com,Male,133.87.75.182
953,Drud,Tanman,dtanmanqg@ibm.com,Male,61.131.83.153
954,Marje,Brandle,mbrandleqh@jalbum.net,Female,227.250.42.38
955,North,Dight,ndightqi@pinterest.com,Male,190.252.34.171
956,Amalle,Skeates,askeatesqj@multiply.com,Female,17.31.59.239
957,Ingaborg,Pinkney,ipinkneyqk@samsung.com,Polygender,102.41.242.222
958,Max,Staten,mstatenql@archive.org,Male,178.100.174.108
959,Margette,Bownes,mbownesqm@privacy.gov.au,Female,109.32.119.203
960,Kaycee,Meeron,kmeeronqn@amazon.co.uk,Female,45.145.229.90
961,Hollie,Aston,,Female,166.136.214.252
962,Prent,Clawe,pclaweqp@mapquest.com,Male,166.134.167.239
963,Gloriana,Redman,gredmanqq@hatena.ne.jp,Female,236.234.180.109
964,Terrence,Spaven,tspavenqr@friendfeed.com,Male,235.172.51.83
965,Leanora,McDirmid,lmcdirmidqs@nationalgeographic.com,Female,151.163.246.198
966,Demetris,Twiggs,dtwiggsqt@virginia.edu,Genderqueer,121.218.180.188
967,Neille,Sleany,nsleanyqu@paginegialle.it,Female,71.86.177.253
968,Claudianus,Ganing,cganingqv@sogou.com,Male,244.64.131.164
969,Calida,Jurisic,cjurisicqw@narod.ru,Bigender,240.121.188.191
970,Harriette,O'Teague,hoteagueqx@dell.com,Female,
971,Catlee,Poleye,cpoleyeqy@washington.edu,Bigender,
972,Bearnard,Barde,bbardeqz@qq.com,Male,73.150.242.87
973,Esteban,Stearn,,Male,248.64.71.49
974,Sib,Gofford,sgoffordr1@is.gd,Female,217.199.211.245
975,Glennie,Norcock,gnorcockr2@friendfeed.com,Female,196.27.227.93
976,Elvera,Banisch,ebanischr3@webs.com,Female,228.48.94.153
977,Harvey,Immings,himmingsr4@taobao.com,Male,254.124.125.72
978,Ira,Gerardeaux,igerardeauxr5@macromedia.com,Agender,183.254.142.207
979,Lanie,Izachik,lizachikr6@live.com,Male,16.126.56.192
980,Caryn,Ousbie,cousbier7@statcounter.com,Female,132.69.91.198
981,Merrill,Blackie,,Female,11.119.58.88
982,Evangeline,Lovelady,eloveladyr9@examiner.com,Female,20.33.152.5
983,Yorker,Vannucci,yvannuccira@pbs.org,Male,
984,Eirena,Ansty,eanstyrb@deviantart.com,Female,175.176.189.222
985,Ricky,Mutimer,,Male,
986,Edsel,Toft,etoftrd@bigcartel.com,Male,108.235.123.40
987,Georg,De Filippi,gdefilippire@instagram.com,Male,153.254.181.106
988,Kimbell,Rubenczyk,krubenczykrf@abc.net.au,Male,246.241.171.92
989,Jemmie,Ginnane,,Female,15.198.116.2
990,Bennett,Roma,bromarh@pagesperso-orange.fr,Male,164.96.34.53
991,Stefa,Medcalf,,Female,216.21.41.177
992,Eda,Cordes,ecordesrj@phoca.cz,Female,102.221.13.172
993,Madelon,Higgoe,mhiggoerk@yellowbook.com,Female,184.148.3.127
994,Cirstoforo,Ivanov,civanovrl@chron.com,Genderqueer,77.181.196.225
995,Alexi,Meeson,ameesonrm@archive.org,Female,182.21.115.147
996,Burtie,Robatham,,Male,142.121.154.31
997,Merrielle,Andreone,mandreonero@marketwatch.com,Female,117.147.52.234
998,Alexandr,Hegdonne,ahegdonnerp@ted.com,Male,248.146.62.161
999,Trace,Copins,tcopinsrq@nbcnews.com,Male,203.56.56.79
1000,Tobias,Roxburgh,troxburghrr@mlb.com,Male,14.88.33.54
